
> workspace@0.0.0 lint
> eslint . --max-warnings 0


/app/applet/apps/web/src/components/movies/MovieCard.tsx
    3:8   error  'DriftWall' is defined but never used. Allowed unused vars must match /^_/u                                @typescript-eslint/no-unused-vars
    4:10  error  'interleaveCollectionItems' is defined but never used. Allowed unused vars must match /^_/u                @typescript-eslint/no-unused-vars
    5:15  error  'GalleryPhoto' is defined but never used. Allowed unused vars must match /^_/u                             @typescript-eslint/no-unused-vars
    7:3   error  'buildCollectionSections' is defined but never used. Allowed unused vars must match /^_/u                  @typescript-eslint/no-unused-vars
    8:3   error  'compareCreatedAtDesc' is defined but never used. Allowed unused vars must match /^_/u                     @typescript-eslint/no-unused-vars
    9:3   error  'compareStringsAlpha' is defined but never used. Allowed unused vars must match /^_/u                      @typescript-eslint/no-unused-vars
   10:8   error  'CollectionSections' is defined but never used. Allowed unused vars must match /^_/u                       @typescript-eslint/no-unused-vars
   13:3   error  'getListEnterSelectionIndex' is defined but never used. Allowed unused vars must match /^_/u               @typescript-eslint/no-unused-vars
   14:3   error  'getNextListIndex' is defined but never used. Allowed unused vars must match /^_/u                         @typescript-eslint/no-unused-vars
   17:3   error  'useCallback' is defined but never used. Allowed unused vars must match /^_/u                              @typescript-eslint/no-unused-vars
   18:3   error  'useEffect' is defined but never used. Allowed unused vars must match /^_/u                                @typescript-eslint/no-unused-vars
   19:3   error  'useId' is defined but never used. Allowed unused vars must match /^_/u                                    @typescript-eslint/no-unused-vars
   20:3   error  'useImperativeHandle' is defined but never used. Allowed unused vars must match /^_/u                      @typescript-eslint/no-unused-vars
   21:3   error  'useMemo' is defined but never used. Allowed unused vars must match /^_/u                                  @typescript-eslint/no-unused-vars
   22:3   error  'useRef' is defined but never used. Allowed unused vars must match /^_/u                                   @typescript-eslint/no-unused-vars
   23:3   error  'useState' is defined but never used. Allowed unused vars must match /^_/u                                 @typescript-eslint/no-unused-vars
   25:10  error  'createPortal' is defined but never used. Allowed unused vars must match /^_/u                             @typescript-eslint/no-unused-vars
   30:3   error  'MovieSuggestion' is defined but never used. Allowed unused vars must match /^_/u                          @typescript-eslint/no-unused-vars
   31:3   error  'MoviesViewProps' is defined but never used. Allowed unused vars must match /^_/u                          @typescript-eslint/no-unused-vars
   34:3   error  'useAutocompleteFocusBoundary' is defined but never used. Allowed unused vars must match /^_/u             @typescript-eslint/no-unused-vars
   35:3   error  'useWorkspaceAutocompleteDismiss' is defined but never used. Allowed unused vars must match /^_/u          @typescript-eslint/no-unused-vars
   36:3   error  'useWorkspaceAutocompleteNavigation' is defined but never used. Allowed unused vars must match /^_/u       @typescript-eslint/no-unused-vars
   37:3   error  'useWorkspaceSearchInputHandle' is defined but never used. Allowed unused vars must match /^_/u            @typescript-eslint/no-unused-vars
   40:3   error  'SyncBanner' is defined but never used. Allowed unused vars must match /^_/u                               @typescript-eslint/no-unused-vars
   41:3   error  'StremioButton' is defined but never used. Allowed unused vars must match /^_/u                            @typescript-eslint/no-unused-vars
   42:3   error  'YoutubeButton' is defined but never used. Allowed unused vars must match /^_/u                            @typescript-eslint/no-unused-vars
   43:3   error  'ConfirmDialog' is defined but never used. Allowed unused vars must match /^_/u                            @typescript-eslint/no-unused-vars
   44:3   error  'Modal' is defined but never used. Allowed unused vars must match /^_/u                                    @typescript-eslint/no-unused-vars
   45:3   error  'Input' is defined but never used. Allowed unused vars must match /^_/u                                    @typescript-eslint/no-unused-vars
   46:3   error  'Textarea' is defined but never used. Allowed unused vars must match /^_/u                                 @typescript-eslint/no-unused-vars
   47:3   error  'SuggestionCardBase' is defined but never used. Allowed unused vars must match /^_/u                       @typescript-eslint/no-unused-vars
   48:3   error  'WorkspaceSearchShell' is defined but never used. Allowed unused vars must match /^_/u                     @typescript-eslint/no-unused-vars
   49:3   error  'WorkspaceSearchActions' is defined but never used. Allowed unused vars must match /^_/u                   @typescript-eslint/no-unused-vars
   50:3   error  'WorkspaceSearchField' is defined but never used. Allowed unused vars must match /^_/u                     @typescript-eslint/no-unused-vars
   51:3   error  'WorkspaceAutocompleteCopy' is defined but never used. Allowed unused vars must match /^_/u                @typescript-eslint/no-unused-vars
   52:3   error  'WorkspaceAutocompleteLoading' is defined but never used. Allowed unused vars must match /^_/u             @typescript-eslint/no-unused-vars
   53:3   error  'WorkspaceAutocompleteOption' is defined but never used. Allowed unused vars must match /^_/u              @typescript-eslint/no-unused-vars
   54:3   error  'WorkspaceAutocompletePanel' is defined but never used. Allowed unused vars must match /^_/u               @typescript-eslint/no-unused-vars
   55:3   error  'WorkspaceAutocompletePoster' is defined but never used. Allowed unused vars must match /^_/u              @typescript-eslint/no-unused-vars
   56:3   error  'WorkspaceAutocompleteStatus' is defined but never used. Allowed unused vars must match /^_/u              @typescript-eslint/no-unused-vars
   57:3   error  'Button' is defined but never used. Allowed unused vars must match /^_/u                                   @typescript-eslint/no-unused-vars
   62:3   error  'DriftWallLoading' is defined but never used. Allowed unused vars must match /^_/u                         @typescript-eslint/no-unused-vars
   63:3   error  'CollectionEmptyState' is defined but never used. Allowed unused vars must match /^_/u                     @typescript-eslint/no-unused-vars
   64:3   error  'MoviesEmptyIllustration' is defined but never used. Allowed unused vars must match /^_/u                  @typescript-eslint/no-unused-vars
   65:3   error  'useModalBase' is defined but never used. Allowed unused vars must match /^_/u                             @typescript-eslint/no-unused-vars
   68:3   error  'MagicToggle' is defined but never used. Allowed unused vars must match /^_/u                              @typescript-eslint/no-unused-vars
   69:3   error  'CardActionButton' is defined but never used. Allowed unused vars must match /^_/u                         @typescript-eslint/no-unused-vars
   71:8   error  'BentoStatTileConfig' is defined but never used. Allowed unused vars must match /^_/u                      @typescript-eslint/no-unused-vars
   72:8   error  'BentoSortChipConfig' is defined but never used. Allowed unused vars must match /^_/u                      @typescript-eslint/no-unused-vars
   73:8   error  'SortOrder' is defined but never used. Allowed unused vars must match /^_/u                                @typescript-eslint/no-unused-vars
   76:3   error  'CheckIcon' is defined but never used. Allowed unused vars must match /^_/u                                @typescript-eslint/no-unused-vars
   77:3   error  'FilmIcon' is defined but never used. Allowed unused vars must match /^_/u                                 @typescript-eslint/no-unused-vars
   78:3   error  'MessageIcon' is defined but never used. Allowed unused vars must match /^_/u                              @typescript-eslint/no-unused-vars
   79:3   error  'PlusIcon' is defined but never used. Allowed unused vars must match /^_/u                                 @typescript-eslint/no-unused-vars
   80:3   error  'BookmarkIcon' is defined but never used. Allowed unused vars must match /^_/u                             @typescript-eslint/no-unused-vars
   81:3   error  'EditIcon' is defined but never used. Allowed unused vars must match /^_/u                                 @typescript-eslint/no-unused-vars
   82:3   error  'PlayIcon' is defined but never used. Allowed unused vars must match /^_/u                                 @typescript-eslint/no-unused-vars
   83:3   error  'StarIcon' is defined but never used. Allowed unused vars must match /^_/u                                 @typescript-eslint/no-unused-vars
   84:3   error  'TvIcon' is defined but never used. Allowed unused vars must match /^_/u                                   @typescript-eslint/no-unused-vars
   86:10  error  'useViewport' is defined but never used. Allowed unused vars must match /^_/u                              @typescript-eslint/no-unused-vars
   86:23  error  'useUser' is defined but never used. Allowed unused vars must match /^_/u                                  @typescript-eslint/no-unused-vars
   86:32  error  'useBentoSlot' is defined but never used. Allowed unused vars must match /^_/u                             @typescript-eslint/no-unused-vars
   87:10  error  'useFeatureFonts' is defined but never used. Allowed unused vars must match /^_/u                          @typescript-eslint/no-unused-vars
   87:27  error  'mediaBreakpoints' is defined but never used. Allowed unused vars must match /^_/u                         @typescript-eslint/no-unused-vars
   87:45  error  'useMediaQuery' is defined but never used. Allowed unused vars must match /^_/u                            @typescript-eslint/no-unused-vars
   88:10  error  'colors' is defined but never used. Allowed unused vars must match /^_/u                                   @typescript-eslint/no-unused-vars
   88:18  error  'radius' is defined but never used. Allowed unused vars must match /^_/u                                   @typescript-eslint/no-unused-vars
   88:26  error  'spacing' is defined but never used. Allowed unused vars must match /^_/u                                  @typescript-eslint/no-unused-vars
   88:35  error  'typography' is defined but never used. Allowed unused vars must match /^_/u                               @typescript-eslint/no-unused-vars
   90:3   error  'formatMemoryTimestamp' is defined but never used. Allowed unused vars must match /^_/u                    @typescript-eslint/no-unused-vars
   91:3   error  'getWorkspaceCollectionState' is defined but never used. Allowed unused vars must match /^_/u              @typescript-eslint/no-unused-vars
   92:3   error  'MAX_MOVIE_TITLE_LENGTH' is defined but never used. Allowed unused vars must match /^_/u                   @typescript-eslint/no-unused-vars
   93:3   error  'sanitizeInput' is defined but never used. Allowed unused vars must match /^_/u                            @typescript-eslint/no-unused-vars
   98:3   error  'searchMovieAutocomplete' is defined but never used. Allowed unused vars must match /^_/u                  @typescript-eslint/no-unused-vars
   99:3   error  'getCachedMovieAutocomplete' is defined but never used. Allowed unused vars must match /^_/u               @typescript-eslint/no-unused-vars
  100:8   error  'MovieAutocompleteResult' is defined but never used. Allowed unused vars must match /^_/u                  @typescript-eslint/no-unused-vars
  101:3   error  'fetchOmdbMetadataCached' is defined but never used. Allowed unused vars must match /^_/u                  @typescript-eslint/no-unused-vars
  104:3   error  'MemoryComposer' is defined but never used. Allowed unused vars must match /^_/u                           @typescript-eslint/no-unused-vars
  105:3   error  'MemoryList' is defined but never used. Allowed unused vars must match /^_/u                               @typescript-eslint/no-unused-vars
  106:3   error  'INITIAL_VISIBLE_COUNT' is defined but never used. Allowed unused vars must match /^_/u                    @typescript-eslint/no-unused-vars
  108:10  error  'useMoviesWorkspace' is defined but never used. Allowed unused vars must match /^_/u                       @typescript-eslint/no-unused-vars
  111:1   error  'buildGalleryPhotos' is defined but never used. Allowed unused vars must match /^_/u                       @typescript-eslint/no-unused-vars
  112:1   error  'MAX_MOVIE_NOTE_LENGTH' is defined but never used. Allowed unused vars must match /^_/u                    @typescript-eslint/no-unused-vars
  113:1   error  'MAX_RECOMMENDATION_REASON_LENGTH' is defined but never used. Allowed unused vars must match /^_/u         @typescript-eslint/no-unused-vars
  114:1   error  'MAX_GUEST_SUGGESTER_NAME_LENGTH' is defined but never used. Allowed unused vars must match /^_/u          @typescript-eslint/no-unused-vars
  115:1   error  'MovieActionState' is defined but never used. Allowed unused vars must match /^_/u                         @typescript-eslint/no-unused-vars
  116:1   error  'getMovieActionState' is defined but never used. Allowed unused vars must match /^_/u                      @typescript-eslint/no-unused-vars
  117:1   error  'MOVIE_AUTOCOMPLETE_MIN_QUERY_LENGTH' is defined but never used. Allowed unused vars must match /^_/u      @typescript-eslint/no-unused-vars
  118:1   error  'MOVIE_AUTOCOMPLETE_DEBOUNCE_MS' is defined but never used. Allowed unused vars must match /^_/u           @typescript-eslint/no-unused-vars
  119:1   error  'normalizeMovieAutocompleteQuery' is defined but never used. Allowed unused vars must match /^_/u          @typescript-eslint/no-unused-vars
  120:1   error  'shouldFetchMovieAutocomplete' is defined but never used. Allowed unused vars must match /^_/u             @typescript-eslint/no-unused-vars
  121:1   error  'shouldClearSelectedMovieResult' is defined but never used. Allowed unused vars must match /^_/u           @typescript-eslint/no-unused-vars
  122:1   error  'hasStoredMovieAutocompleteFeedback' is defined but never used. Allowed unused vars must match /^_/u       @typescript-eslint/no-unused-vars
  123:1   error  'getMovieAutocompleteEnterSelectionIndex' is defined but never used. Allowed unused vars must match /^_/u  @typescript-eslint/no-unused-vars
  124:1   error  'getNextMovieAutocompleteIndex' is defined but never used. Allowed unused vars must match /^_/u            @typescript-eslint/no-unused-vars
  125:1   error  'MovieBrowseLayout' is defined but never used. Allowed unused vars must match /^_/u                        @typescript-eslint/no-unused-vars
  126:1   error  'MOVIE_SCROLL_DECK_MAX_DESKTOP' is defined but never used. Allowed unused vars must match /^_/u            @typescript-eslint/no-unused-vars
  127:1   error  'MOVIE_SCROLL_DECK_MAX_MOBILE' is defined but never used. Allowed unused vars must match /^_/u             @typescript-eslint/no-unused-vars
  128:1   error  'movieScrollDeckMax' is defined but never used. Allowed unused vars must match /^_/u                       @typescript-eslint/no-unused-vars
  129:1   error  'shouldUseMovieScrollDeck' is defined but never used. Allowed unused vars must match /^_/u                 @typescript-eslint/no-unused-vars
  130:1   error  'MOVIE_BROWSE_LAYOUTS' is defined but never used. Allowed unused vars must match /^_/u                     @typescript-eslint/no-unused-vars
  131:1   error  'readMovieBrowseLayout' is defined but never used. Allowed unused vars must match /^_/u                    @typescript-eslint/no-unused-vars
  132:1   error  'writeMovieBrowseLayout' is defined but never used. Allowed unused vars must match /^_/u                   @typescript-eslint/no-unused-vars
  133:1   error  'clampMovieTransitionOrigin' is defined but never used. Allowed unused vars must match /^_/u               @typescript-eslint/no-unused-vars
  134:1   error  'getMovieDialogMetrics' is defined but never used. Allowed unused vars must match /^_/u                    @typescript-eslint/no-unused-vars
  135:1   error  'getMovieWatchStatus' is defined but never used. Allowed unused vars must match /^_/u                      @typescript-eslint/no-unused-vars
  136:1   error  'getMovieNotePreview' is defined but never used. Allowed unused vars must match /^_/u                      @typescript-eslint/no-unused-vars
  137:1   error  'getSecondaryMovieMemories' is defined but never used. Allowed unused vars must match /^_/u                @typescript-eslint/no-unused-vars
  138:1   error  'MovieSortOrder' is defined but never used. Allowed unused vars must match /^_/u                           @typescript-eslint/no-unused-vars
  139:1   error  'MovieSections' is defined but never used. Allowed unused vars must match /^_/u                            @typescript-eslint/no-unused-vars
  140:1   error  'getAllMovies' is defined but never used. Allowed unused vars must match /^_/u                             @typescript-eslint/no-unused-vars
  141:1   error  'buildMovieSections' is defined but never used. Allowed unused vars must match /^_/u                       @typescript-eslint/no-unused-vars
  142:1   error  'MediaTypeFilter' is defined but never used. Allowed unused vars must match /^_/u                          @typescript-eslint/no-unused-vars
  143:1   error  'isTvSeries' is defined but never used. Allowed unused vars must match /^_/u                               @typescript-eslint/no-unused-vars
  144:1   error  'getMediaType' is defined but never used. Allowed unused vars must match /^_/u                             @typescript-eslint/no-unused-vars
  145:1   error  'filterMoviesByMediaType' is defined but never used. Allowed unused vars must match /^_/u                  @typescript-eslint/no-unused-vars
  146:1   error  'submitMemory' is defined but never used. Allowed unused vars must match /^_/u                             @typescript-eslint/no-unused-vars
  147:1   error  'MOVIE_SECTION_IDS' is defined but never used. Allowed unused vars must match /^_/u                        @typescript-eslint/no-unused-vars
  148:1   error  'MOVIE_SORTS' is defined but never used. Allowed unused vars must match /^_/u                              @typescript-eslint/no-unused-vars
  149:1   error  'PosterHero' is defined but never used. Allowed unused vars must match /^_/u                               @typescript-eslint/no-unused-vars
  150:1   error  'MetadataHeader' is defined but never used. Allowed unused vars must match /^_/u                           @typescript-eslint/no-unused-vars
  151:1   error  'SummaryBand' is defined but never used. Allowed unused vars must match /^_/u                              @typescript-eslint/no-unused-vars
  152:1   error  'NotesAndMemoriesSection' is defined but never used. Allowed unused vars must match /^_/u                  @typescript-eslint/no-unused-vars
  154:1   error  'MovieBodyActions' is defined but never used. Allowed unused vars must match /^_/u                         @typescript-eslint/no-unused-vars
  155:1   error  'MovieSectionIds' is defined but never used. Allowed unused vars must match /^_/u                          @typescript-eslint/no-unused-vars

/app/applet/apps/web/src/components/movies/MovieDetailsModal.tsx
    1:8   error  'DriftWall' is defined but never used. Allowed unused vars must match /^_/u                                @typescript-eslint/no-unused-vars
    2:10  error  'interleaveCollectionItems' is defined but never used. Allowed unused vars must match /^_/u                @typescript-eslint/no-unused-vars
    3:15  error  'GalleryPhoto' is defined but never used. Allowed unused vars must match /^_/u                             @typescript-eslint/no-unused-vars
    5:3   error  'buildCollectionSections' is defined but never used. Allowed unused vars must match /^_/u                  @typescript-eslint/no-unused-vars
    6:3   error  'compareCreatedAtDesc' is defined but never used. Allowed unused vars must match /^_/u                     @typescript-eslint/no-unused-vars
    7:3   error  'compareStringsAlpha' is defined but never used. Allowed unused vars must match /^_/u                      @typescript-eslint/no-unused-vars
    8:8   error  'CollectionSections' is defined but never used. Allowed unused vars must match /^_/u                       @typescript-eslint/no-unused-vars
   11:3   error  'getListEnterSelectionIndex' is defined but never used. Allowed unused vars must match /^_/u               @typescript-eslint/no-unused-vars
   12:3   error  'getNextListIndex' is defined but never used. Allowed unused vars must match /^_/u                         @typescript-eslint/no-unused-vars
   15:3   error  'useCallback' is defined but never used. Allowed unused vars must match /^_/u                              @typescript-eslint/no-unused-vars
   16:3   error  'useEffect' is defined but never used. Allowed unused vars must match /^_/u                                @typescript-eslint/no-unused-vars
   17:3   error  'useId' is defined but never used. Allowed unused vars must match /^_/u                                    @typescript-eslint/no-unused-vars
   18:3   error  'useImperativeHandle' is defined but never used. Allowed unused vars must match /^_/u                      @typescript-eslint/no-unused-vars
   19:3   error  'useMemo' is defined but never used. Allowed unused vars must match /^_/u                                  @typescript-eslint/no-unused-vars
   20:3   error  'useRef' is defined but never used. Allowed unused vars must match /^_/u                                   @typescript-eslint/no-unused-vars
   21:3   error  'useState' is defined but never used. Allowed unused vars must match /^_/u                                 @typescript-eslint/no-unused-vars
   28:3   error  'MovieSuggestion' is defined but never used. Allowed unused vars must match /^_/u                          @typescript-eslint/no-unused-vars
   29:3   error  'MoviesViewProps' is defined but never used. Allowed unused vars must match /^_/u                          @typescript-eslint/no-unused-vars
   32:3   error  'useAutocompleteFocusBoundary' is defined but never used. Allowed unused vars must match /^_/u             @typescript-eslint/no-unused-vars
   33:3   error  'useWorkspaceAutocompleteDismiss' is defined but never used. Allowed unused vars must match /^_/u          @typescript-eslint/no-unused-vars
   34:3   error  'useWorkspaceAutocompleteNavigation' is defined but never used. Allowed unused vars must match /^_/u       @typescript-eslint/no-unused-vars
   35:3   error  'useWorkspaceSearchInputHandle' is defined but never used. Allowed unused vars must match /^_/u            @typescript-eslint/no-unused-vars
   38:3   error  'SyncBanner' is defined but never used. Allowed unused vars must match /^_/u                               @typescript-eslint/no-unused-vars
   39:3   error  'StremioButton' is defined but never used. Allowed unused vars must match /^_/u                            @typescript-eslint/no-unused-vars
   40:3   error  'YoutubeButton' is defined but never used. Allowed unused vars must match /^_/u                            @typescript-eslint/no-unused-vars
   41:3   error  'ConfirmDialog' is defined but never used. Allowed unused vars must match /^_/u                            @typescript-eslint/no-unused-vars
   42:3   error  'Modal' is defined but never used. Allowed unused vars must match /^_/u                                    @typescript-eslint/no-unused-vars
   43:3   error  'Input' is defined but never used. Allowed unused vars must match /^_/u                                    @typescript-eslint/no-unused-vars
   44:3   error  'Textarea' is defined but never used. Allowed unused vars must match /^_/u                                 @typescript-eslint/no-unused-vars
   45:3   error  'SuggestionCardBase' is defined but never used. Allowed unused vars must match /^_/u                       @typescript-eslint/no-unused-vars
   46:3   error  'WorkspaceSearchShell' is defined but never used. Allowed unused vars must match /^_/u                     @typescript-eslint/no-unused-vars
   47:3   error  'WorkspaceSearchActions' is defined but never used. Allowed unused vars must match /^_/u                   @typescript-eslint/no-unused-vars
   48:3   error  'WorkspaceSearchField' is defined but never used. Allowed unused vars must match /^_/u                     @typescript-eslint/no-unused-vars
   49:3   error  'WorkspaceAutocompleteCopy' is defined but never used. Allowed unused vars must match /^_/u                @typescript-eslint/no-unused-vars
   50:3   error  'WorkspaceAutocompleteLoading' is defined but never used. Allowed unused vars must match /^_/u             @typescript-eslint/no-unused-vars
   51:3   error  'WorkspaceAutocompleteOption' is defined but never used. Allowed unused vars must match /^_/u              @typescript-eslint/no-unused-vars
   52:3   error  'WorkspaceAutocompletePanel' is defined but never used. Allowed unused vars must match /^_/u               @typescript-eslint/no-unused-vars
   53:3   error  'WorkspaceAutocompletePoster' is defined but never used. Allowed unused vars must match /^_/u              @typescript-eslint/no-unused-vars
   54:3   error  'WorkspaceAutocompleteStatus' is defined but never used. Allowed unused vars must match /^_/u              @typescript-eslint/no-unused-vars
   55:3   error  'Button' is defined but never used. Allowed unused vars must match /^_/u                                   @typescript-eslint/no-unused-vars
   56:3   error  'MediaPoster' is defined but never used. Allowed unused vars must match /^_/u                              @typescript-eslint/no-unused-vars
   57:3   error  'MediaCardPosterWrap' is defined but never used. Allowed unused vars must match /^_/u                      @typescript-eslint/no-unused-vars
   58:3   error  'MediaCardTitle' is defined but never used. Allowed unused vars must match /^_/u                           @typescript-eslint/no-unused-vars
   59:3   error  'MediaCardWatcherStack' is defined but never used. Allowed unused vars must match /^_/u                    @typescript-eslint/no-unused-vars
   60:3   error  'DriftWallLoading' is defined but never used. Allowed unused vars must match /^_/u                         @typescript-eslint/no-unused-vars
   61:3   error  'CollectionEmptyState' is defined but never used. Allowed unused vars must match /^_/u                     @typescript-eslint/no-unused-vars
   62:3   error  'MoviesEmptyIllustration' is defined but never used. Allowed unused vars must match /^_/u                  @typescript-eslint/no-unused-vars
   64:3   error  'CardTiltShell' is defined but never used. Allowed unused vars must match /^_/u                            @typescript-eslint/no-unused-vars
   65:3   error  'CardTiltSheen' is defined but never used. Allowed unused vars must match /^_/u                            @typescript-eslint/no-unused-vars
   66:3   error  'MagicToggle' is defined but never used. Allowed unused vars must match /^_/u                              @typescript-eslint/no-unused-vars
   67:3   error  'CardActionButton' is defined but never used. Allowed unused vars must match /^_/u                         @typescript-eslint/no-unused-vars
   68:3   error  'Card' is defined but never used. Allowed unused vars must match /^_/u                                     @typescript-eslint/no-unused-vars
   69:8   error  'BentoStatTileConfig' is defined but never used. Allowed unused vars must match /^_/u                      @typescript-eslint/no-unused-vars
   70:8   error  'BentoSortChipConfig' is defined but never used. Allowed unused vars must match /^_/u                      @typescript-eslint/no-unused-vars
   71:8   error  'SortOrder' is defined but never used. Allowed unused vars must match /^_/u                                @typescript-eslint/no-unused-vars
   74:3   error  'CheckIcon' is defined but never used. Allowed unused vars must match /^_/u                                @typescript-eslint/no-unused-vars
   75:3   error  'FilmIcon' is defined but never used. Allowed unused vars must match /^_/u                                 @typescript-eslint/no-unused-vars
   76:3   error  'MessageIcon' is defined but never used. Allowed unused vars must match /^_/u                              @typescript-eslint/no-unused-vars
   77:3   error  'PlusIcon' is defined but never used. Allowed unused vars must match /^_/u                                 @typescript-eslint/no-unused-vars
   78:3   error  'BookmarkIcon' is defined but never used. Allowed unused vars must match /^_/u                             @typescript-eslint/no-unused-vars
   79:3   error  'EditIcon' is defined but never used. Allowed unused vars must match /^_/u                                 @typescript-eslint/no-unused-vars
   80:3   error  'PlayIcon' is defined but never used. Allowed unused vars must match /^_/u                                 @typescript-eslint/no-unused-vars
   81:3   error  'StarIcon' is defined but never used. Allowed unused vars must match /^_/u                                 @typescript-eslint/no-unused-vars
   82:3   error  'TvIcon' is defined but never used. Allowed unused vars must match /^_/u                                   @typescript-eslint/no-unused-vars
   84:10  error  'useViewport' is defined but never used. Allowed unused vars must match /^_/u                              @typescript-eslint/no-unused-vars
   84:23  error  'useUser' is defined but never used. Allowed unused vars must match /^_/u                                  @typescript-eslint/no-unused-vars
   84:32  error  'useBentoSlot' is defined but never used. Allowed unused vars must match /^_/u                             @typescript-eslint/no-unused-vars
   86:10  error  'colors' is defined but never used. Allowed unused vars must match /^_/u                                   @typescript-eslint/no-unused-vars
   86:18  error  'radius' is defined but never used. Allowed unused vars must match /^_/u                                   @typescript-eslint/no-unused-vars
   86:26  error  'spacing' is defined but never used. Allowed unused vars must match /^_/u                                  @typescript-eslint/no-unused-vars
   86:35  error  'typography' is defined but never used. Allowed unused vars must match /^_/u                               @typescript-eslint/no-unused-vars
   89:3   error  'getWorkspaceCollectionState' is defined but never used. Allowed unused vars must match /^_/u              @typescript-eslint/no-unused-vars
   90:3   error  'MAX_MOVIE_TITLE_LENGTH' is defined but never used. Allowed unused vars must match /^_/u                   @typescript-eslint/no-unused-vars
   91:3   error  'sanitizeInput' is defined but never used. Allowed unused vars must match /^_/u                            @typescript-eslint/no-unused-vars
   92:3   error  'getErrorMessage' is defined but never used. Allowed unused vars must match /^_/u                          @typescript-eslint/no-unused-vars
   93:3   error  'consoleError' is defined but never used. Allowed unused vars must match /^_/u                             @typescript-eslint/no-unused-vars
   96:3   error  'searchMovieAutocomplete' is defined but never used. Allowed unused vars must match /^_/u                  @typescript-eslint/no-unused-vars
   97:3   error  'getCachedMovieAutocomplete' is defined but never used. Allowed unused vars must match /^_/u               @typescript-eslint/no-unused-vars
   98:8   error  'MovieAutocompleteResult' is defined but never used. Allowed unused vars must match /^_/u                  @typescript-eslint/no-unused-vars
   99:3   error  'fetchOmdbMetadataCached' is defined but never used. Allowed unused vars must match /^_/u                  @typescript-eslint/no-unused-vars
  102:3   error  'MemoryComposer' is defined but never used. Allowed unused vars must match /^_/u                           @typescript-eslint/no-unused-vars
  103:3   error  'MemoryList' is defined but never used. Allowed unused vars must match /^_/u                               @typescript-eslint/no-unused-vars
  106:10  error  'useMoviesWorkspace' is defined but never used. Allowed unused vars must match /^_/u                       @typescript-eslint/no-unused-vars
  109:1   error  'buildGalleryPhotos' is defined but never used. Allowed unused vars must match /^_/u                       @typescript-eslint/no-unused-vars
  111:1   error  'MAX_RECOMMENDATION_REASON_LENGTH' is defined but never used. Allowed unused vars must match /^_/u         @typescript-eslint/no-unused-vars
  112:1   error  'MAX_GUEST_SUGGESTER_NAME_LENGTH' is defined but never used. Allowed unused vars must match /^_/u          @typescript-eslint/no-unused-vars
  113:1   error  'MovieActionState' is defined but never used. Allowed unused vars must match /^_/u                         @typescript-eslint/no-unused-vars
  114:1   error  'getMovieActionState' is defined but never used. Allowed unused vars must match /^_/u                      @typescript-eslint/no-unused-vars
  115:1   error  'MOVIE_AUTOCOMPLETE_MIN_QUERY_LENGTH' is defined but never used. Allowed unused vars must match /^_/u      @typescript-eslint/no-unused-vars
  116:1   error  'MOVIE_AUTOCOMPLETE_DEBOUNCE_MS' is defined but never used. Allowed unused vars must match /^_/u           @typescript-eslint/no-unused-vars
  117:1   error  'normalizeMovieAutocompleteQuery' is defined but never used. Allowed unused vars must match /^_/u          @typescript-eslint/no-unused-vars
  118:1   error  'shouldFetchMovieAutocomplete' is defined but never used. Allowed unused vars must match /^_/u             @typescript-eslint/no-unused-vars
  119:1   error  'shouldClearSelectedMovieResult' is defined but never used. Allowed unused vars must match /^_/u           @typescript-eslint/no-unused-vars
  120:1   error  'hasStoredMovieAutocompleteFeedback' is defined but never used. Allowed unused vars must match /^_/u       @typescript-eslint/no-unused-vars
  121:1   error  'getMovieAutocompleteEnterSelectionIndex' is defined but never used. Allowed unused vars must match /^_/u  @typescript-eslint/no-unused-vars
  122:1   error  'getNextMovieAutocompleteIndex' is defined but never used. Allowed unused vars must match /^_/u            @typescript-eslint/no-unused-vars
  123:1   error  'MovieBrowseLayout' is defined but never used. Allowed unused vars must match /^_/u                        @typescript-eslint/no-unused-vars
  124:1   error  'MOVIE_SCROLL_DECK_MAX_DESKTOP' is defined but never used. Allowed unused vars must match /^_/u            @typescript-eslint/no-unused-vars
  125:1   error  'MOVIE_SCROLL_DECK_MAX_MOBILE' is defined but never used. Allowed unused vars must match /^_/u             @typescript-eslint/no-unused-vars
  126:1   error  'movieScrollDeckMax' is defined but never used. Allowed unused vars must match /^_/u                       @typescript-eslint/no-unused-vars
  127:1   error  'shouldUseMovieScrollDeck' is defined but never used. Allowed unused vars must match /^_/u                 @typescript-eslint/no-unused-vars
  128:1   error  'MOVIE_BROWSE_LAYOUTS' is defined but never used. Allowed unused vars must match /^_/u                     @typescript-eslint/no-unused-vars
  129:1   error  'readMovieBrowseLayout' is defined but never used. Allowed unused vars must match /^_/u                    @typescript-eslint/no-unused-vars
  130:1   error  'writeMovieBrowseLayout' is defined but never used. Allowed unused vars must match /^_/u                   @typescript-eslint/no-unused-vars
  134:1   error  'getMovieNotePreview' is defined but never used. Allowed unused vars must match /^_/u                      @typescript-eslint/no-unused-vars
  135:1   error  'getSecondaryMovieMemories' is defined but never used. Allowed unused vars must match /^_/u                @typescript-eslint/no-unused-vars
  136:1   error  'MovieSortOrder' is defined but never used. Allowed unused vars must match /^_/u                           @typescript-eslint/no-unused-vars
  137:1   error  'MovieSections' is defined but never used. Allowed unused vars must match /^_/u                            @typescript-eslint/no-unused-vars
  138:1   error  'getAllMovies' is defined but never used. Allowed unused vars must match /^_/u                             @typescript-eslint/no-unused-vars
  139:1   error  'buildMovieSections' is defined but never used. Allowed unused vars must match /^_/u                       @typescript-eslint/no-unused-vars
  140:1   error  'MediaTypeFilter' is defined but never used. Allowed unused vars must match /^_/u                          @typescript-eslint/no-unused-vars
  142:1   error  'getMediaType' is defined but never used. Allowed unused vars must match /^_/u                             @typescript-eslint/no-unused-vars
  143:1   error  'filterMoviesByMediaType' is defined but never used. Allowed unused vars must match /^_/u                  @typescript-eslint/no-unused-vars
  145:1   error  'MOVIE_SECTION_IDS' is defined but never used. Allowed unused vars must match /^_/u                        @typescript-eslint/no-unused-vars
  146:1   error  'MOVIE_SORTS' is defined but never used. Allowed unused vars must match /^_/u                              @typescript-eslint/no-unused-vars
  151:1   error  'MovieBodyActions' is defined but never used. Allowed unused vars must match /^_/u                         @typescript-eslint/no-unused-vars
  152:1   error  'MovieSectionIds' is defined but never used. Allowed unused vars must match /^_/u                          @typescript-eslint/no-unused-vars

/app/applet/apps/web/src/components/movies/MovieEditModal.tsx
    1:8   error  'DriftWall' is defined but never used. Allowed unused vars must match /^_/u                                @typescript-eslint/no-unused-vars
    2:10  error  'interleaveCollectionItems' is defined but never used. Allowed unused vars must match /^_/u                @typescript-eslint/no-unused-vars
    3:15  error  'GalleryPhoto' is defined but never used. Allowed unused vars must match /^_/u                             @typescript-eslint/no-unused-vars
    5:3   error  'buildCollectionSections' is defined but never used. Allowed unused vars must match /^_/u                  @typescript-eslint/no-unused-vars
    6:3   error  'compareCreatedAtDesc' is defined but never used. Allowed unused vars must match /^_/u                     @typescript-eslint/no-unused-vars
    7:3   error  'compareStringsAlpha' is defined but never used. Allowed unused vars must match /^_/u                      @typescript-eslint/no-unused-vars
    8:8   error  'CollectionSections' is defined but never used. Allowed unused vars must match /^_/u                       @typescript-eslint/no-unused-vars
   11:3   error  'getListEnterSelectionIndex' is defined but never used. Allowed unused vars must match /^_/u               @typescript-eslint/no-unused-vars
   12:3   error  'getNextListIndex' is defined but never used. Allowed unused vars must match /^_/u                         @typescript-eslint/no-unused-vars
   15:3   error  'useCallback' is defined but never used. Allowed unused vars must match /^_/u                              @typescript-eslint/no-unused-vars
   16:3   error  'useEffect' is defined but never used. Allowed unused vars must match /^_/u                                @typescript-eslint/no-unused-vars
   17:3   error  'useId' is defined but never used. Allowed unused vars must match /^_/u                                    @typescript-eslint/no-unused-vars
   18:3   error  'useImperativeHandle' is defined but never used. Allowed unused vars must match /^_/u                      @typescript-eslint/no-unused-vars
   19:3   error  'useMemo' is defined but never used. Allowed unused vars must match /^_/u                                  @typescript-eslint/no-unused-vars
   20:3   error  'useRef' is defined but never used. Allowed unused vars must match /^_/u                                   @typescript-eslint/no-unused-vars
   21:3   error  'useState' is defined but never used. Allowed unused vars must match /^_/u                                 @typescript-eslint/no-unused-vars
   23:10  error  'createPortal' is defined but never used. Allowed unused vars must match /^_/u                             @typescript-eslint/no-unused-vars
   26:3   error  'SharedMemory' is defined but never used. Allowed unused vars must match /^_/u                             @typescript-eslint/no-unused-vars
   27:3   error  'User' is defined but never used. Allowed unused vars must match /^_/u                                     @typescript-eslint/no-unused-vars
   28:3   error  'MovieSuggestion' is defined but never used. Allowed unused vars must match /^_/u                          @typescript-eslint/no-unused-vars
   29:3   error  'MoviesViewProps' is defined but never used. Allowed unused vars must match /^_/u                          @typescript-eslint/no-unused-vars
   32:3   error  'useAutocompleteFocusBoundary' is defined but never used. Allowed unused vars must match /^_/u             @typescript-eslint/no-unused-vars
   33:3   error  'useWorkspaceAutocompleteDismiss' is defined but never used. Allowed unused vars must match /^_/u          @typescript-eslint/no-unused-vars
   34:3   error  'useWorkspaceAutocompleteNavigation' is defined but never used. Allowed unused vars must match /^_/u       @typescript-eslint/no-unused-vars
   35:3   error  'useWorkspaceSearchInputHandle' is defined but never used. Allowed unused vars must match /^_/u            @typescript-eslint/no-unused-vars
   38:3   error  'SyncBanner' is defined but never used. Allowed unused vars must match /^_/u                               @typescript-eslint/no-unused-vars
   39:3   error  'StremioButton' is defined but never used. Allowed unused vars must match /^_/u                            @typescript-eslint/no-unused-vars
   40:3   error  'YoutubeButton' is defined but never used. Allowed unused vars must match /^_/u                            @typescript-eslint/no-unused-vars
   41:3   error  'ConfirmDialog' is defined but never used. Allowed unused vars must match /^_/u                            @typescript-eslint/no-unused-vars
   44:3   error  'Textarea' is defined but never used. Allowed unused vars must match /^_/u                                 @typescript-eslint/no-unused-vars
   45:3   error  'SuggestionCardBase' is defined but never used. Allowed unused vars must match /^_/u                       @typescript-eslint/no-unused-vars
   46:3   error  'WorkspaceSearchShell' is defined but never used. Allowed unused vars must match /^_/u                     @typescript-eslint/no-unused-vars
   47:3   error  'WorkspaceSearchActions' is defined but never used. Allowed unused vars must match /^_/u                   @typescript-eslint/no-unused-vars
   48:3   error  'WorkspaceSearchField' is defined but never used. Allowed unused vars must match /^_/u                     @typescript-eslint/no-unused-vars
   49:3   error  'WorkspaceAutocompleteCopy' is defined but never used. Allowed unused vars must match /^_/u                @typescript-eslint/no-unused-vars
   50:3   error  'WorkspaceAutocompleteLoading' is defined but never used. Allowed unused vars must match /^_/u             @typescript-eslint/no-unused-vars
   51:3   error  'WorkspaceAutocompleteOption' is defined but never used. Allowed unused vars must match /^_/u              @typescript-eslint/no-unused-vars
   52:3   error  'WorkspaceAutocompletePanel' is defined but never used. Allowed unused vars must match /^_/u               @typescript-eslint/no-unused-vars
   53:3   error  'WorkspaceAutocompletePoster' is defined but never used. Allowed unused vars must match /^_/u              @typescript-eslint/no-unused-vars
   54:3   error  'WorkspaceAutocompleteStatus' is defined but never used. Allowed unused vars must match /^_/u              @typescript-eslint/no-unused-vars
   56:3   error  'MediaPoster' is defined but never used. Allowed unused vars must match /^_/u                              @typescript-eslint/no-unused-vars
   57:3   error  'MediaCardPosterWrap' is defined but never used. Allowed unused vars must match /^_/u                      @typescript-eslint/no-unused-vars
   58:3   error  'MediaCardTitle' is defined but never used. Allowed unused vars must match /^_/u                           @typescript-eslint/no-unused-vars
   59:3   error  'MediaCardWatcherStack' is defined but never used. Allowed unused vars must match /^_/u                    @typescript-eslint/no-unused-vars
   60:3   error  'DriftWallLoading' is defined but never used. Allowed unused vars must match /^_/u                         @typescript-eslint/no-unused-vars
   61:3   error  'CollectionEmptyState' is defined but never used. Allowed unused vars must match /^_/u                     @typescript-eslint/no-unused-vars
   62:3   error  'MoviesEmptyIllustration' is defined but never used. Allowed unused vars must match /^_/u                  @typescript-eslint/no-unused-vars
   63:3   error  'useModalBase' is defined but never used. Allowed unused vars must match /^_/u                             @typescript-eslint/no-unused-vars
   64:3   error  'CardTiltShell' is defined but never used. Allowed unused vars must match /^_/u                            @typescript-eslint/no-unused-vars
   65:3   error  'CardTiltSheen' is defined but never used. Allowed unused vars must match /^_/u                            @typescript-eslint/no-unused-vars
   66:3   error  'MagicToggle' is defined but never used. Allowed unused vars must match /^_/u                              @typescript-eslint/no-unused-vars
   67:3   error  'CardActionButton' is defined but never used. Allowed unused vars must match /^_/u                         @typescript-eslint/no-unused-vars
   68:3   error  'Card' is defined but never used. Allowed unused vars must match /^_/u                                     @typescript-eslint/no-unused-vars
   69:8   error  'BentoStatTileConfig' is defined but never used. Allowed unused vars must match /^_/u                      @typescript-eslint/no-unused-vars
   70:8   error  'BentoSortChipConfig' is defined but never used. Allowed unused vars must match /^_/u                      @typescript-eslint/no-unused-vars
   71:8   error  'SortOrder' is defined but never used. Allowed unused vars must match /^_/u                                @typescript-eslint/no-unused-vars
   74:3   error  'CheckIcon' is defined but never used. Allowed unused vars must match /^_/u                                @typescript-eslint/no-unused-vars
   75:3   error  'FilmIcon' is defined but never used. Allowed unused vars must match /^_/u                                 @typescript-eslint/no-unused-vars
   76:3   error  'MessageIcon' is defined but never used. Allowed unused vars must match /^_/u                              @typescript-eslint/no-unused-vars
   77:3   error  'PlusIcon' is defined but never used. Allowed unused vars must match /^_/u                                 @typescript-eslint/no-unused-vars
   78:3   error  'BookmarkIcon' is defined but never used. Allowed unused vars must match /^_/u                             @typescript-eslint/no-unused-vars
   79:3   error  'EditIcon' is defined but never used. Allowed unused vars must match /^_/u                                 @typescript-eslint/no-unused-vars
   80:3   error  'PlayIcon' is defined but never used. Allowed unused vars must match /^_/u                                 @typescript-eslint/no-unused-vars
   81:3   error  'StarIcon' is defined but never used. Allowed unused vars must match /^_/u                                 @typescript-eslint/no-unused-vars
   82:3   error  'TvIcon' is defined but never used. Allowed unused vars must match /^_/u                                   @typescript-eslint/no-unused-vars
   84:10  error  'useViewport' is defined but never used. Allowed unused vars must match /^_/u                              @typescript-eslint/no-unused-vars
   84:23  error  'useUser' is defined but never used. Allowed unused vars must match /^_/u                                  @typescript-eslint/no-unused-vars
   84:32  error  'useBentoSlot' is defined but never used. Allowed unused vars must match /^_/u                             @typescript-eslint/no-unused-vars
   85:10  error  'useFeatureFonts' is defined but never used. Allowed unused vars must match /^_/u                          @typescript-eslint/no-unused-vars
   85:27  error  'mediaBreakpoints' is defined but never used. Allowed unused vars must match /^_/u                         @typescript-eslint/no-unused-vars
   85:45  error  'useMediaQuery' is defined but never used. Allowed unused vars must match /^_/u                            @typescript-eslint/no-unused-vars
   86:18  error  'radius' is defined but never used. Allowed unused vars must match /^_/u                                   @typescript-eslint/no-unused-vars
   88:3   error  'formatMemoryTimestamp' is defined but never used. Allowed unused vars must match /^_/u                    @typescript-eslint/no-unused-vars
   89:3   error  'getWorkspaceCollectionState' is defined but never used. Allowed unused vars must match /^_/u              @typescript-eslint/no-unused-vars
   92:3   error  'getErrorMessage' is defined but never used. Allowed unused vars must match /^_/u                          @typescript-eslint/no-unused-vars
   93:3   error  'consoleError' is defined but never used. Allowed unused vars must match /^_/u                             @typescript-eslint/no-unused-vars
   96:3   error  'searchMovieAutocomplete' is defined but never used. Allowed unused vars must match /^_/u                  @typescript-eslint/no-unused-vars
   97:3   error  'getCachedMovieAutocomplete' is defined but never used. Allowed unused vars must match /^_/u               @typescript-eslint/no-unused-vars
   98:8   error  'MovieAutocompleteResult' is defined but never used. Allowed unused vars must match /^_/u                  @typescript-eslint/no-unused-vars
   99:3   error  'fetchOmdbMetadataCached' is defined but never used. Allowed unused vars must match /^_/u                  @typescript-eslint/no-unused-vars
  102:3   error  'MemoryComposer' is defined but never used. Allowed unused vars must match /^_/u                           @typescript-eslint/no-unused-vars
  103:3   error  'MemoryList' is defined but never used. Allowed unused vars must match /^_/u                               @typescript-eslint/no-unused-vars
  104:3   error  'INITIAL_VISIBLE_COUNT' is defined but never used. Allowed unused vars must match /^_/u                    @typescript-eslint/no-unused-vars
  106:10  error  'useMoviesWorkspace' is defined but never used. Allowed unused vars must match /^_/u                       @typescript-eslint/no-unused-vars
  109:1   error  'buildGalleryPhotos' is defined but never used. Allowed unused vars must match /^_/u                       @typescript-eslint/no-unused-vars
  110:1   error  'MAX_MOVIE_NOTE_LENGTH' is defined but never used. Allowed unused vars must match /^_/u                    @typescript-eslint/no-unused-vars
  111:1   error  'MAX_RECOMMENDATION_REASON_LENGTH' is defined but never used. Allowed unused vars must match /^_/u         @typescript-eslint/no-unused-vars
  112:1   error  'MAX_GUEST_SUGGESTER_NAME_LENGTH' is defined but never used. Allowed unused vars must match /^_/u          @typescript-eslint/no-unused-vars
  113:1   error  'MovieActionState' is defined but never used. Allowed unused vars must match /^_/u                         @typescript-eslint/no-unused-vars
  114:1   error  'getMovieActionState' is defined but never used. Allowed unused vars must match /^_/u                      @typescript-eslint/no-unused-vars
  115:1   error  'MOVIE_AUTOCOMPLETE_MIN_QUERY_LENGTH' is defined but never used. Allowed unused vars must match /^_/u      @typescript-eslint/no-unused-vars
  116:1   error  'MOVIE_AUTOCOMPLETE_DEBOUNCE_MS' is defined but never used. Allowed unused vars must match /^_/u           @typescript-eslint/no-unused-vars
  117:1   error  'normalizeMovieAutocompleteQuery' is defined but never used. Allowed unused vars must match /^_/u          @typescript-eslint/no-unused-vars
  118:1   error  'shouldFetchMovieAutocomplete' is defined but never used. Allowed unused vars must match /^_/u             @typescript-eslint/no-unused-vars
  119:1   error  'shouldClearSelectedMovieResult' is defined but never used. Allowed unused vars must match /^_/u           @typescript-eslint/no-unused-vars
  120:1   error  'hasStoredMovieAutocompleteFeedback' is defined but never used. Allowed unused vars must match /^_/u       @typescript-eslint/no-unused-vars
  121:1   error  'getMovieAutocompleteEnterSelectionIndex' is defined but never used. Allowed unused vars must match /^_/u  @typescript-eslint/no-unused-vars
  122:1   error  'getNextMovieAutocompleteIndex' is defined but never used. Allowed unused vars must match /^_/u            @typescript-eslint/no-unused-vars
  123:1   error  'MovieBrowseLayout' is defined but never used. Allowed unused vars must match /^_/u                        @typescript-eslint/no-unused-vars
  124:1   error  'MOVIE_SCROLL_DECK_MAX_DESKTOP' is defined but never used. Allowed unused vars must match /^_/u            @typescript-eslint/no-unused-vars
  125:1   error  'MOVIE_SCROLL_DECK_MAX_MOBILE' is defined but never used. Allowed unused vars must match /^_/u             @typescript-eslint/no-unused-vars
  126:1   error  'movieScrollDeckMax' is defined but never used. Allowed unused vars must match /^_/u                       @typescript-eslint/no-unused-vars
  127:1   error  'shouldUseMovieScrollDeck' is defined but never used. Allowed unused vars must match /^_/u                 @typescript-eslint/no-unused-vars
  128:1   error  'MOVIE_BROWSE_LAYOUTS' is defined but never used. Allowed unused vars must match /^_/u                     @typescript-eslint/no-unused-vars
  129:1   error  'readMovieBrowseLayout' is defined but never used. Allowed unused vars must match /^_/u                    @typescript-eslint/no-unused-vars
  130:1   error  'writeMovieBrowseLayout' is defined but never used. Allowed unused vars must match /^_/u                   @typescript-eslint/no-unused-vars
  131:1   error  'clampMovieTransitionOrigin' is defined but never used. Allowed unused vars must match /^_/u               @typescript-eslint/no-unused-vars
  132:1   error  'getMovieDialogMetrics' is defined but never used. Allowed unused vars must match /^_/u                    @typescript-eslint/no-unused-vars
  133:1   error  'getMovieWatchStatus' is defined but never used. Allowed unused vars must match /^_/u                      @typescript-eslint/no-unused-vars
  134:1   error  'getMovieNotePreview' is defined but never used. Allowed unused vars must match /^_/u                      @typescript-eslint/no-unused-vars
  135:1   error  'getSecondaryMovieMemories' is defined but never used. Allowed unused vars must match /^_/u                @typescript-eslint/no-unused-vars
  136:1   error  'MovieSortOrder' is defined but never used. Allowed unused vars must match /^_/u                           @typescript-eslint/no-unused-vars
  137:1   error  'MovieSections' is defined but never used. Allowed unused vars must match /^_/u                            @typescript-eslint/no-unused-vars
  138:1   error  'getAllMovies' is defined but never used. Allowed unused vars must match /^_/u                             @typescript-eslint/no-unused-vars
  139:1   error  'buildMovieSections' is defined but never used. Allowed unused vars must match /^_/u                       @typescript-eslint/no-unused-vars
  140:1   error  'MediaTypeFilter' is defined but never used. Allowed unused vars must match /^_/u                          @typescript-eslint/no-unused-vars
  141:1   error  'isTvSeries' is defined but never used. Allowed unused vars must match /^_/u                               @typescript-eslint/no-unused-vars
  142:1   error  'getMediaType' is defined but never used. Allowed unused vars must match /^_/u                             @typescript-eslint/no-unused-vars
  143:1   error  'filterMoviesByMediaType' is defined but never used. Allowed unused vars must match /^_/u                  @typescript-eslint/no-unused-vars
  144:1   error  'submitMemory' is defined but never used. Allowed unused vars must match /^_/u                             @typescript-eslint/no-unused-vars
  145:1   error  'MOVIE_SECTION_IDS' is defined but never used. Allowed unused vars must match /^_/u                        @typescript-eslint/no-unused-vars
  146:1   error  'MOVIE_SORTS' is defined but never used. Allowed unused vars must match /^_/u                              @typescript-eslint/no-unused-vars
  147:1   error  'PosterHero' is defined but never used. Allowed unused vars must match /^_/u                               @typescript-eslint/no-unused-vars
  148:1   error  'MetadataHeader' is defined but never used. Allowed unused vars must match /^_/u                           @typescript-eslint/no-unused-vars
  149:1   error  'SummaryBand' is defined but never used. Allowed unused vars must match /^_/u                              @typescript-eslint/no-unused-vars
  150:1   error  'NotesAndMemoriesSection' is defined but never used. Allowed unused vars must match /^_/u                  @typescript-eslint/no-unused-vars
  151:1   error  'MovieTransitionOrigin' is defined but never used. Allowed unused vars must match /^_/u                    @typescript-eslint/no-unused-vars
  152:1   error  'MovieBodyActions' is defined but never used. Allowed unused vars must match /^_/u                         @typescript-eslint/no-unused-vars
  153:1   error  'MovieSectionIds' is defined but never used. Allowed unused vars must match /^_/u                          @typescript-eslint/no-unused-vars

/app/applet/apps/web/src/components/movies/MovieRecommendationComposer.tsx
    1:8   error  'DriftWall' is defined but never used. Allowed unused vars must match /^_/u                                @typescript-eslint/no-unused-vars
    2:10  error  'interleaveCollectionItems' is defined but never used. Allowed unused vars must match /^_/u                @typescript-eslint/no-unused-vars
    3:15  error  'GalleryPhoto' is defined but never used. Allowed unused vars must match /^_/u                             @typescript-eslint/no-unused-vars
    5:3   error  'buildCollectionSections' is defined but never used. Allowed unused vars must match /^_/u                  @typescript-eslint/no-unused-vars
    6:3   error  'compareCreatedAtDesc' is defined but never used. Allowed unused vars must match /^_/u                     @typescript-eslint/no-unused-vars
    7:3   error  'compareStringsAlpha' is defined but never used. Allowed unused vars must match /^_/u                      @typescript-eslint/no-unused-vars
    8:8   error  'CollectionSections' is defined but never used. Allowed unused vars must match /^_/u                       @typescript-eslint/no-unused-vars
   11:3   error  'getListEnterSelectionIndex' is defined but never used. Allowed unused vars must match /^_/u               @typescript-eslint/no-unused-vars
   12:3   error  'getNextListIndex' is defined but never used. Allowed unused vars must match /^_/u                         @typescript-eslint/no-unused-vars
   15:3   error  'useCallback' is defined but never used. Allowed unused vars must match /^_/u                              @typescript-eslint/no-unused-vars
   16:3   error  'useEffect' is defined but never used. Allowed unused vars must match /^_/u                                @typescript-eslint/no-unused-vars
   17:3   error  'useId' is defined but never used. Allowed unused vars must match /^_/u                                    @typescript-eslint/no-unused-vars
   18:3   error  'useImperativeHandle' is defined but never used. Allowed unused vars must match /^_/u                      @typescript-eslint/no-unused-vars
   19:3   error  'useMemo' is defined but never used. Allowed unused vars must match /^_/u                                  @typescript-eslint/no-unused-vars
   20:3   error  'useRef' is defined but never used. Allowed unused vars must match /^_/u                                   @typescript-eslint/no-unused-vars
   21:3   error  'useState' is defined but never used. Allowed unused vars must match /^_/u                                 @typescript-eslint/no-unused-vars
   23:10  error  'createPortal' is defined but never used. Allowed unused vars must match /^_/u                             @typescript-eslint/no-unused-vars
   25:3   error  'Movie' is defined but never used. Allowed unused vars must match /^_/u                                    @typescript-eslint/no-unused-vars
   26:3   error  'SharedMemory' is defined but never used. Allowed unused vars must match /^_/u                             @typescript-eslint/no-unused-vars
   28:3   error  'MovieSuggestion' is defined but never used. Allowed unused vars must match /^_/u                          @typescript-eslint/no-unused-vars
   29:3   error  'MoviesViewProps' is defined but never used. Allowed unused vars must match /^_/u                          @typescript-eslint/no-unused-vars
   32:3   error  'useAutocompleteFocusBoundary' is defined but never used. Allowed unused vars must match /^_/u             @typescript-eslint/no-unused-vars
   33:3   error  'useWorkspaceAutocompleteDismiss' is defined but never used. Allowed unused vars must match /^_/u          @typescript-eslint/no-unused-vars
   34:3   error  'useWorkspaceAutocompleteNavigation' is defined but never used. Allowed unused vars must match /^_/u       @typescript-eslint/no-unused-vars
   35:3   error  'useWorkspaceSearchInputHandle' is defined but never used. Allowed unused vars must match /^_/u            @typescript-eslint/no-unused-vars
   38:3   error  'SyncBanner' is defined but never used. Allowed unused vars must match /^_/u                               @typescript-eslint/no-unused-vars
   39:3   error  'StremioButton' is defined but never used. Allowed unused vars must match /^_/u                            @typescript-eslint/no-unused-vars
   40:3   error  'YoutubeButton' is defined but never used. Allowed unused vars must match /^_/u                            @typescript-eslint/no-unused-vars
   41:3   error  'ConfirmDialog' is defined but never used. Allowed unused vars must match /^_/u                            @typescript-eslint/no-unused-vars
   42:3   error  'Modal' is defined but never used. Allowed unused vars must match /^_/u                                    @typescript-eslint/no-unused-vars
   45:3   error  'SuggestionCardBase' is defined but never used. Allowed unused vars must match /^_/u                       @typescript-eslint/no-unused-vars
   46:3   error  'WorkspaceSearchShell' is defined but never used. Allowed unused vars must match /^_/u                     @typescript-eslint/no-unused-vars
   47:3   error  'WorkspaceSearchActions' is defined but never used. Allowed unused vars must match /^_/u                   @typescript-eslint/no-unused-vars
   48:3   error  'WorkspaceSearchField' is defined but never used. Allowed unused vars must match /^_/u                     @typescript-eslint/no-unused-vars
   49:3   error  'WorkspaceAutocompleteCopy' is defined but never used. Allowed unused vars must match /^_/u                @typescript-eslint/no-unused-vars
   50:3   error  'WorkspaceAutocompleteLoading' is defined but never used. Allowed unused vars must match /^_/u             @typescript-eslint/no-unused-vars
   51:3   error  'WorkspaceAutocompleteOption' is defined but never used. Allowed unused vars must match /^_/u              @typescript-eslint/no-unused-vars
   52:3   error  'WorkspaceAutocompletePanel' is defined but never used. Allowed unused vars must match /^_/u               @typescript-eslint/no-unused-vars
   53:3   error  'WorkspaceAutocompletePoster' is defined but never used. Allowed unused vars must match /^_/u              @typescript-eslint/no-unused-vars
   54:3   error  'WorkspaceAutocompleteStatus' is defined but never used. Allowed unused vars must match /^_/u              @typescript-eslint/no-unused-vars
   56:3   error  'MediaPoster' is defined but never used. Allowed unused vars must match /^_/u                              @typescript-eslint/no-unused-vars
   57:3   error  'MediaCardPosterWrap' is defined but never used. Allowed unused vars must match /^_/u                      @typescript-eslint/no-unused-vars
   58:3   error  'MediaCardTitle' is defined but never used. Allowed unused vars must match /^_/u                           @typescript-eslint/no-unused-vars
   59:3   error  'MediaCardWatcherStack' is defined but never used. Allowed unused vars must match /^_/u                    @typescript-eslint/no-unused-vars
   60:3   error  'DriftWallLoading' is defined but never used. Allowed unused vars must match /^_/u                         @typescript-eslint/no-unused-vars
   61:3   error  'CollectionEmptyState' is defined but never used. Allowed unused vars must match /^_/u                     @typescript-eslint/no-unused-vars
   62:3   error  'MoviesEmptyIllustration' is defined but never used. Allowed unused vars must match /^_/u                  @typescript-eslint/no-unused-vars
   63:3   error  'useModalBase' is defined but never used. Allowed unused vars must match /^_/u                             @typescript-eslint/no-unused-vars
   64:3   error  'CardTiltShell' is defined but never used. Allowed unused vars must match /^_/u                            @typescript-eslint/no-unused-vars
   65:3   error  'CardTiltSheen' is defined but never used. Allowed unused vars must match /^_/u                            @typescript-eslint/no-unused-vars
   66:3   error  'MagicToggle' is defined but never used. Allowed unused vars must match /^_/u                              @typescript-eslint/no-unused-vars
   67:3   error  'CardActionButton' is defined but never used. Allowed unused vars must match /^_/u                         @typescript-eslint/no-unused-vars
   69:8   error  'BentoStatTileConfig' is defined but never used. Allowed unused vars must match /^_/u                      @typescript-eslint/no-unused-vars
   70:8   error  'BentoSortChipConfig' is defined but never used. Allowed unused vars must match /^_/u                      @typescript-eslint/no-unused-vars
   71:8   error  'SortOrder' is defined but never used. Allowed unused vars must match /^_/u                                @typescript-eslint/no-unused-vars
   74:3   error  'CheckIcon' is defined but never used. Allowed unused vars must match /^_/u                                @typescript-eslint/no-unused-vars
   75:3   error  'FilmIcon' is defined but never used. Allowed unused vars must match /^_/u                                 @typescript-eslint/no-unused-vars
   76:3   error  'MessageIcon' is defined but never used. Allowed unused vars must match /^_/u                              @typescript-eslint/no-unused-vars
   77:3   error  'PlusIcon' is defined but never used. Allowed unused vars must match /^_/u                                 @typescript-eslint/no-unused-vars
   78:3   error  'BookmarkIcon' is defined but never used. Allowed unused vars must match /^_/u                             @typescript-eslint/no-unused-vars
   79:3   error  'EditIcon' is defined but never used. Allowed unused vars must match /^_/u                                 @typescript-eslint/no-unused-vars
   80:3   error  'PlayIcon' is defined but never used. Allowed unused vars must match /^_/u                                 @typescript-eslint/no-unused-vars
   81:3   error  'StarIcon' is defined but never used. Allowed unused vars must match /^_/u                                 @typescript-eslint/no-unused-vars
   82:3   error  'TvIcon' is defined but never used. Allowed unused vars must match /^_/u                                   @typescript-eslint/no-unused-vars
   84:10  error  'useViewport' is defined but never used. Allowed unused vars must match /^_/u                              @typescript-eslint/no-unused-vars
   84:23  error  'useUser' is defined but never used. Allowed unused vars must match /^_/u                                  @typescript-eslint/no-unused-vars
   84:32  error  'useBentoSlot' is defined but never used. Allowed unused vars must match /^_/u                             @typescript-eslint/no-unused-vars
   85:10  error  'useFeatureFonts' is defined but never used. Allowed unused vars must match /^_/u                          @typescript-eslint/no-unused-vars
   85:27  error  'mediaBreakpoints' is defined but never used. Allowed unused vars must match /^_/u                         @typescript-eslint/no-unused-vars
   85:45  error  'useMediaQuery' is defined but never used. Allowed unused vars must match /^_/u                            @typescript-eslint/no-unused-vars
   88:3   error  'formatMemoryTimestamp' is defined but never used. Allowed unused vars must match /^_/u                    @typescript-eslint/no-unused-vars
   89:3   error  'getWorkspaceCollectionState' is defined but never used. Allowed unused vars must match /^_/u              @typescript-eslint/no-unused-vars
   90:3   error  'MAX_MOVIE_TITLE_LENGTH' is defined but never used. Allowed unused vars must match /^_/u                   @typescript-eslint/no-unused-vars
   91:3   error  'sanitizeInput' is defined but never used. Allowed unused vars must match /^_/u                            @typescript-eslint/no-unused-vars
   92:3   error  'getErrorMessage' is defined but never used. Allowed unused vars must match /^_/u                          @typescript-eslint/no-unused-vars
   93:3   error  'consoleError' is defined but never used. Allowed unused vars must match /^_/u                             @typescript-eslint/no-unused-vars
   96:3   error  'searchMovieAutocomplete' is defined but never used. Allowed unused vars must match /^_/u                  @typescript-eslint/no-unused-vars
   97:3   error  'getCachedMovieAutocomplete' is defined but never used. Allowed unused vars must match /^_/u               @typescript-eslint/no-unused-vars
   98:8   error  'MovieAutocompleteResult' is defined but never used. Allowed unused vars must match /^_/u                  @typescript-eslint/no-unused-vars
   99:3   error  'fetchOmdbMetadataCached' is defined but never used. Allowed unused vars must match /^_/u                  @typescript-eslint/no-unused-vars
  102:3   error  'MemoryComposer' is defined but never used. Allowed unused vars must match /^_/u                           @typescript-eslint/no-unused-vars
  103:3   error  'MemoryList' is defined but never used. Allowed unused vars must match /^_/u                               @typescript-eslint/no-unused-vars
  104:3   error  'INITIAL_VISIBLE_COUNT' is defined but never used. Allowed unused vars must match /^_/u                    @typescript-eslint/no-unused-vars
  106:10  error  'useMoviesWorkspace' is defined but never used. Allowed unused vars must match /^_/u                       @typescript-eslint/no-unused-vars
  109:1   error  'buildGalleryPhotos' is defined but never used. Allowed unused vars must match /^_/u                       @typescript-eslint/no-unused-vars
  110:1   error  'MAX_MOVIE_NOTE_LENGTH' is defined but never used. Allowed unused vars must match /^_/u                    @typescript-eslint/no-unused-vars
  113:1   error  'MovieActionState' is defined but never used. Allowed unused vars must match /^_/u                         @typescript-eslint/no-unused-vars
  114:1   error  'getMovieActionState' is defined but never used. Allowed unused vars must match /^_/u                      @typescript-eslint/no-unused-vars
  115:1   error  'MOVIE_AUTOCOMPLETE_MIN_QUERY_LENGTH' is defined but never used. Allowed unused vars must match /^_/u      @typescript-eslint/no-unused-vars
  116:1   error  'MOVIE_AUTOCOMPLETE_DEBOUNCE_MS' is defined but never used. Allowed unused vars must match /^_/u           @typescript-eslint/no-unused-vars
  117:1   error  'normalizeMovieAutocompleteQuery' is defined but never used. Allowed unused vars must match /^_/u          @typescript-eslint/no-unused-vars
  118:1   error  'shouldFetchMovieAutocomplete' is defined but never used. Allowed unused vars must match /^_/u             @typescript-eslint/no-unused-vars
  119:1   error  'shouldClearSelectedMovieResult' is defined but never used. Allowed unused vars must match /^_/u           @typescript-eslint/no-unused-vars
  120:1   error  'hasStoredMovieAutocompleteFeedback' is defined but never used. Allowed unused vars must match /^_/u       @typescript-eslint/no-unused-vars
  121:1   error  'getMovieAutocompleteEnterSelectionIndex' is defined but never used. Allowed unused vars must match /^_/u  @typescript-eslint/no-unused-vars
  122:1   error  'getNextMovieAutocompleteIndex' is defined but never used. Allowed unused vars must match /^_/u            @typescript-eslint/no-unused-vars
  123:1   error  'MovieBrowseLayout' is defined but never used. Allowed unused vars must match /^_/u                        @typescript-eslint/no-unused-vars
  124:1   error  'MOVIE_SCROLL_DECK_MAX_DESKTOP' is defined but never used. Allowed unused vars must match /^_/u            @typescript-eslint/no-unused-vars
  125:1   error  'MOVIE_SCROLL_DECK_MAX_MOBILE' is defined but never used. Allowed unused vars must match /^_/u             @typescript-eslint/no-unused-vars
  126:1   error  'movieScrollDeckMax' is defined but never used. Allowed unused vars must match /^_/u                       @typescript-eslint/no-unused-vars
  127:1   error  'shouldUseMovieScrollDeck' is defined but never used. Allowed unused vars must match /^_/u                 @typescript-eslint/no-unused-vars
  128:1   error  'MOVIE_BROWSE_LAYOUTS' is defined but never used. Allowed unused vars must match /^_/u                     @typescript-eslint/no-unused-vars
  129:1   error  'readMovieBrowseLayout' is defined but never used. Allowed unused vars must match /^_/u                    @typescript-eslint/no-unused-vars
  130:1   error  'writeMovieBrowseLayout' is defined but never used. Allowed unused vars must match /^_/u                   @typescript-eslint/no-unused-vars
  131:1   error  'clampMovieTransitionOrigin' is defined but never used. Allowed unused vars must match /^_/u               @typescript-eslint/no-unused-vars
  132:1   error  'getMovieDialogMetrics' is defined but never used. Allowed unused vars must match /^_/u                    @typescript-eslint/no-unused-vars
  133:1   error  'getMovieWatchStatus' is defined but never used. Allowed unused vars must match /^_/u                      @typescript-eslint/no-unused-vars
  134:1   error  'getMovieNotePreview' is defined but never used. Allowed unused vars must match /^_/u                      @typescript-eslint/no-unused-vars
  135:1   error  'getSecondaryMovieMemories' is defined but never used. Allowed unused vars must match /^_/u                @typescript-eslint/no-unused-vars
  136:1   error  'MovieSortOrder' is defined but never used. Allowed unused vars must match /^_/u                           @typescript-eslint/no-unused-vars
  137:1   error  'MovieSections' is defined but never used. Allowed unused vars must match /^_/u                            @typescript-eslint/no-unused-vars
  138:1   error  'getAllMovies' is defined but never used. Allowed unused vars must match /^_/u                             @typescript-eslint/no-unused-vars
  139:1   error  'buildMovieSections' is defined but never used. Allowed unused vars must match /^_/u                       @typescript-eslint/no-unused-vars
  140:1   error  'MediaTypeFilter' is defined but never used. Allowed unused vars must match /^_/u                          @typescript-eslint/no-unused-vars
  141:1   error  'isTvSeries' is defined but never used. Allowed unused vars must match /^_/u                               @typescript-eslint/no-unused-vars
  142:1   error  'getMediaType' is defined but never used. Allowed unused vars must match /^_/u                             @typescript-eslint/no-unused-vars
  143:1   error  'filterMoviesByMediaType' is defined but never used. Allowed unused vars must match /^_/u                  @typescript-eslint/no-unused-vars
  144:1   error  'submitMemory' is defined but never used. Allowed unused vars must match /^_/u                             @typescript-eslint/no-unused-vars
  145:1   error  'MOVIE_SECTION_IDS' is defined but never used. Allowed unused vars must match /^_/u                        @typescript-eslint/no-unused-vars
  146:1   error  'MOVIE_SORTS' is defined but never used. Allowed unused vars must match /^_/u                              @typescript-eslint/no-unused-vars
  147:1   error  'PosterHero' is defined but never used. Allowed unused vars must match /^_/u                               @typescript-eslint/no-unused-vars
  148:1   error  'MetadataHeader' is defined but never used. Allowed unused vars must match /^_/u                           @typescript-eslint/no-unused-vars
  149:1   error  'SummaryBand' is defined but never used. Allowed unused vars must match /^_/u                              @typescript-eslint/no-unused-vars
  150:1   error  'NotesAndMemoriesSection' is defined but never used. Allowed unused vars must match /^_/u                  @typescript-eslint/no-unused-vars
  151:1   error  'MovieTransitionOrigin' is defined but never used. Allowed unused vars must match /^_/u                    @typescript-eslint/no-unused-vars
  152:1   error  'MovieBodyActions' is defined but never used. Allowed unused vars must match /^_/u                         @typescript-eslint/no-unused-vars
  153:1   error  'MovieSectionIds' is defined but never used. Allowed unused vars must match /^_/u                          @typescript-eslint/no-unused-vars

/app/applet/apps/web/src/components/movies/MovieSectionBody.tsx
    5:15  error  'GalleryPhoto' is defined but never used. Allowed unused vars must match /^_/u                             @typescript-eslint/no-unused-vars
    7:3   error  'buildCollectionSections' is defined but never used. Allowed unused vars must match /^_/u                  @typescript-eslint/no-unused-vars
    8:3   error  'compareCreatedAtDesc' is defined but never used. Allowed unused vars must match /^_/u                     @typescript-eslint/no-unused-vars
    9:3   error  'compareStringsAlpha' is defined but never used. Allowed unused vars must match /^_/u                      @typescript-eslint/no-unused-vars
   10:8   error  'CollectionSections' is defined but never used. Allowed unused vars must match /^_/u                       @typescript-eslint/no-unused-vars
   13:3   error  'getListEnterSelectionIndex' is defined but never used. Allowed unused vars must match /^_/u               @typescript-eslint/no-unused-vars
   14:3   error  'getNextListIndex' is defined but never used. Allowed unused vars must match /^_/u                         @typescript-eslint/no-unused-vars
   17:3   error  'useCallback' is defined but never used. Allowed unused vars must match /^_/u                              @typescript-eslint/no-unused-vars
   18:3   error  'useEffect' is defined but never used. Allowed unused vars must match /^_/u                                @typescript-eslint/no-unused-vars
   19:3   error  'useId' is defined but never used. Allowed unused vars must match /^_/u                                    @typescript-eslint/no-unused-vars
   20:3   error  'useImperativeHandle' is defined but never used. Allowed unused vars must match /^_/u                      @typescript-eslint/no-unused-vars
   21:3   error  'useMemo' is defined but never used. Allowed unused vars must match /^_/u                                  @typescript-eslint/no-unused-vars
   22:3   error  'useRef' is defined but never used. Allowed unused vars must match /^_/u                                   @typescript-eslint/no-unused-vars
   23:3   error  'useState' is defined but never used. Allowed unused vars must match /^_/u                                 @typescript-eslint/no-unused-vars
   25:10  error  'createPortal' is defined but never used. Allowed unused vars must match /^_/u                             @typescript-eslint/no-unused-vars
   31:3   error  'MoviesViewProps' is defined but never used. Allowed unused vars must match /^_/u                          @typescript-eslint/no-unused-vars
   34:3   error  'useAutocompleteFocusBoundary' is defined but never used. Allowed unused vars must match /^_/u             @typescript-eslint/no-unused-vars
   35:3   error  'useWorkspaceAutocompleteDismiss' is defined but never used. Allowed unused vars must match /^_/u          @typescript-eslint/no-unused-vars
   36:3   error  'useWorkspaceAutocompleteNavigation' is defined but never used. Allowed unused vars must match /^_/u       @typescript-eslint/no-unused-vars
   37:3   error  'useWorkspaceSearchInputHandle' is defined but never used. Allowed unused vars must match /^_/u            @typescript-eslint/no-unused-vars
   40:3   error  'SyncBanner' is defined but never used. Allowed unused vars must match /^_/u                               @typescript-eslint/no-unused-vars
   41:3   error  'StremioButton' is defined but never used. Allowed unused vars must match /^_/u                            @typescript-eslint/no-unused-vars
   42:3   error  'YoutubeButton' is defined but never used. Allowed unused vars must match /^_/u                            @typescript-eslint/no-unused-vars
   43:3   error  'ConfirmDialog' is defined but never used. Allowed unused vars must match /^_/u                            @typescript-eslint/no-unused-vars
   44:3   error  'Modal' is defined but never used. Allowed unused vars must match /^_/u                                    @typescript-eslint/no-unused-vars
   45:3   error  'Input' is defined but never used. Allowed unused vars must match /^_/u                                    @typescript-eslint/no-unused-vars
   46:3   error  'Textarea' is defined but never used. Allowed unused vars must match /^_/u                                 @typescript-eslint/no-unused-vars
   47:3   error  'SuggestionCardBase' is defined but never used. Allowed unused vars must match /^_/u                       @typescript-eslint/no-unused-vars
   48:3   error  'WorkspaceSearchShell' is defined but never used. Allowed unused vars must match /^_/u                     @typescript-eslint/no-unused-vars
   49:3   error  'WorkspaceSearchActions' is defined but never used. Allowed unused vars must match /^_/u                   @typescript-eslint/no-unused-vars
   50:3   error  'WorkspaceSearchField' is defined but never used. Allowed unused vars must match /^_/u                     @typescript-eslint/no-unused-vars
   51:3   error  'WorkspaceAutocompleteCopy' is defined but never used. Allowed unused vars must match /^_/u                @typescript-eslint/no-unused-vars
   52:3   error  'WorkspaceAutocompleteLoading' is defined but never used. Allowed unused vars must match /^_/u             @typescript-eslint/no-unused-vars
   53:3   error  'WorkspaceAutocompleteOption' is defined but never used. Allowed unused vars must match /^_/u              @typescript-eslint/no-unused-vars
   54:3   error  'WorkspaceAutocompletePanel' is defined but never used. Allowed unused vars must match /^_/u               @typescript-eslint/no-unused-vars
   55:3   error  'WorkspaceAutocompletePoster' is defined but never used. Allowed unused vars must match /^_/u              @typescript-eslint/no-unused-vars
   56:3   error  'WorkspaceAutocompleteStatus' is defined but never used. Allowed unused vars must match /^_/u              @typescript-eslint/no-unused-vars
   57:3   error  'Button' is defined but never used. Allowed unused vars must match /^_/u                                   @typescript-eslint/no-unused-vars
   58:3   error  'MediaPoster' is defined but never used. Allowed unused vars must match /^_/u                              @typescript-eslint/no-unused-vars
   59:3   error  'MediaCardPosterWrap' is defined but never used. Allowed unused vars must match /^_/u                      @typescript-eslint/no-unused-vars
   60:3   error  'MediaCardTitle' is defined but never used. Allowed unused vars must match /^_/u                           @typescript-eslint/no-unused-vars
   61:3   error  'MediaCardWatcherStack' is defined but never used. Allowed unused vars must match /^_/u                    @typescript-eslint/no-unused-vars
   62:3   error  'DriftWallLoading' is defined but never used. Allowed unused vars must match /^_/u                         @typescript-eslint/no-unused-vars
   65:3   error  'useModalBase' is defined but never used. Allowed unused vars must match /^_/u                             @typescript-eslint/no-unused-vars
   66:3   error  'CardTiltShell' is defined but never used. Allowed unused vars must match /^_/u                            @typescript-eslint/no-unused-vars
   67:3   error  'CardTiltSheen' is defined but never used. Allowed unused vars must match /^_/u                            @typescript-eslint/no-unused-vars
   68:3   error  'MagicToggle' is defined but never used. Allowed unused vars must match /^_/u                              @typescript-eslint/no-unused-vars
   69:3   error  'CardActionButton' is defined but never used. Allowed unused vars must match /^_/u                         @typescript-eslint/no-unused-vars
   70:3   error  'Card' is defined but never used. Allowed unused vars must match /^_/u                                     @typescript-eslint/no-unused-vars
   71:8   error  'BentoStatTileConfig' is defined but never used. Allowed unused vars must match /^_/u                      @typescript-eslint/no-unused-vars
   72:8   error  'BentoSortChipConfig' is defined but never used. Allowed unused vars must match /^_/u                      @typescript-eslint/no-unused-vars
   73:8   error  'SortOrder' is defined but never used. Allowed unused vars must match /^_/u                                @typescript-eslint/no-unused-vars
   76:3   error  'CheckIcon' is defined but never used. Allowed unused vars must match /^_/u                                @typescript-eslint/no-unused-vars
   77:3   error  'FilmIcon' is defined but never used. Allowed unused vars must match /^_/u                                 @typescript-eslint/no-unused-vars
   78:3   error  'MessageIcon' is defined but never used. Allowed unused vars must match /^_/u                              @typescript-eslint/no-unused-vars
   79:3   error  'PlusIcon' is defined but never used. Allowed unused vars must match /^_/u                                 @typescript-eslint/no-unused-vars
   80:3   error  'BookmarkIcon' is defined but never used. Allowed unused vars must match /^_/u                             @typescript-eslint/no-unused-vars
   81:3   error  'EditIcon' is defined but never used. Allowed unused vars must match /^_/u                                 @typescript-eslint/no-unused-vars
   82:3   error  'PlayIcon' is defined but never used. Allowed unused vars must match /^_/u                                 @typescript-eslint/no-unused-vars
   83:3   error  'StarIcon' is defined but never used. Allowed unused vars must match /^_/u                                 @typescript-eslint/no-unused-vars
   84:3   error  'TvIcon' is defined but never used. Allowed unused vars must match /^_/u                                   @typescript-eslint/no-unused-vars
   86:10  error  'useViewport' is defined but never used. Allowed unused vars must match /^_/u                              @typescript-eslint/no-unused-vars
   86:23  error  'useUser' is defined but never used. Allowed unused vars must match /^_/u                                  @typescript-eslint/no-unused-vars
   86:32  error  'useBentoSlot' is defined but never used. Allowed unused vars must match /^_/u                             @typescript-eslint/no-unused-vars
   87:10  error  'useFeatureFonts' is defined but never used. Allowed unused vars must match /^_/u                          @typescript-eslint/no-unused-vars
   87:27  error  'mediaBreakpoints' is defined but never used. Allowed unused vars must match /^_/u                         @typescript-eslint/no-unused-vars
   87:45  error  'useMediaQuery' is defined but never used. Allowed unused vars must match /^_/u                            @typescript-eslint/no-unused-vars
   88:10  error  'colors' is defined but never used. Allowed unused vars must match /^_/u                                   @typescript-eslint/no-unused-vars
   88:18  error  'radius' is defined but never used. Allowed unused vars must match /^_/u                                   @typescript-eslint/no-unused-vars
   88:35  error  'typography' is defined but never used. Allowed unused vars must match /^_/u                               @typescript-eslint/no-unused-vars
   90:3   error  'formatMemoryTimestamp' is defined but never used. Allowed unused vars must match /^_/u                    @typescript-eslint/no-unused-vars
   92:3   error  'MAX_MOVIE_TITLE_LENGTH' is defined but never used. Allowed unused vars must match /^_/u                   @typescript-eslint/no-unused-vars
   93:3   error  'sanitizeInput' is defined but never used. Allowed unused vars must match /^_/u                            @typescript-eslint/no-unused-vars
   94:3   error  'getErrorMessage' is defined but never used. Allowed unused vars must match /^_/u                          @typescript-eslint/no-unused-vars
   95:3   error  'consoleError' is defined but never used. Allowed unused vars must match /^_/u                             @typescript-eslint/no-unused-vars
   98:3   error  'searchMovieAutocomplete' is defined but never used. Allowed unused vars must match /^_/u                  @typescript-eslint/no-unused-vars
   99:3   error  'getCachedMovieAutocomplete' is defined but never used. Allowed unused vars must match /^_/u               @typescript-eslint/no-unused-vars
  100:8   error  'MovieAutocompleteResult' is defined but never used. Allowed unused vars must match /^_/u                  @typescript-eslint/no-unused-vars
  101:3   error  'fetchOmdbMetadataCached' is defined but never used. Allowed unused vars must match /^_/u                  @typescript-eslint/no-unused-vars
  104:3   error  'MemoryComposer' is defined but never used. Allowed unused vars must match /^_/u                           @typescript-eslint/no-unused-vars
  105:3   error  'MemoryList' is defined but never used. Allowed unused vars must match /^_/u                               @typescript-eslint/no-unused-vars
  106:3   error  'INITIAL_VISIBLE_COUNT' is defined but never used. Allowed unused vars must match /^_/u                    @typescript-eslint/no-unused-vars
  108:10  error  'useMoviesWorkspace' is defined but never used. Allowed unused vars must match /^_/u                       @typescript-eslint/no-unused-vars
  111:1   error  'buildGalleryPhotos' is defined but never used. Allowed unused vars must match /^_/u                       @typescript-eslint/no-unused-vars
  112:1   error  'MAX_MOVIE_NOTE_LENGTH' is defined but never used. Allowed unused vars must match /^_/u                    @typescript-eslint/no-unused-vars
  113:1   error  'MAX_RECOMMENDATION_REASON_LENGTH' is defined but never used. Allowed unused vars must match /^_/u         @typescript-eslint/no-unused-vars
  114:1   error  'MAX_GUEST_SUGGESTER_NAME_LENGTH' is defined but never used. Allowed unused vars must match /^_/u          @typescript-eslint/no-unused-vars
  115:1   error  'MovieActionState' is defined but never used. Allowed unused vars must match /^_/u                         @typescript-eslint/no-unused-vars
  116:1   error  'getMovieActionState' is defined but never used. Allowed unused vars must match /^_/u                      @typescript-eslint/no-unused-vars
  117:1   error  'MOVIE_AUTOCOMPLETE_MIN_QUERY_LENGTH' is defined but never used. Allowed unused vars must match /^_/u      @typescript-eslint/no-unused-vars
  118:1   error  'MOVIE_AUTOCOMPLETE_DEBOUNCE_MS' is defined but never used. Allowed unused vars must match /^_/u           @typescript-eslint/no-unused-vars
  119:1   error  'normalizeMovieAutocompleteQuery' is defined but never used. Allowed unused vars must match /^_/u          @typescript-eslint/no-unused-vars
  120:1   error  'shouldFetchMovieAutocomplete' is defined but never used. Allowed unused vars must match /^_/u             @typescript-eslint/no-unused-vars
  121:1   error  'shouldClearSelectedMovieResult' is defined but never used. Allowed unused vars must match /^_/u           @typescript-eslint/no-unused-vars
  122:1   error  'hasStoredMovieAutocompleteFeedback' is defined but never used. Allowed unused vars must match /^_/u       @typescript-eslint/no-unused-vars
  123:1   error  'getMovieAutocompleteEnterSelectionIndex' is defined but never used. Allowed unused vars must match /^_/u  @typescript-eslint/no-unused-vars
  124:1   error  'getNextMovieAutocompleteIndex' is defined but never used. Allowed unused vars must match /^_/u            @typescript-eslint/no-unused-vars
  125:1   error  'MovieBrowseLayout' is defined but never used. Allowed unused vars must match /^_/u                        @typescript-eslint/no-unused-vars
  126:1   error  'MOVIE_SCROLL_DECK_MAX_DESKTOP' is defined but never used. Allowed unused vars must match /^_/u            @typescript-eslint/no-unused-vars
  127:1   error  'MOVIE_SCROLL_DECK_MAX_MOBILE' is defined but never used. Allowed unused vars must match /^_/u             @typescript-eslint/no-unused-vars
  128:1   error  'movieScrollDeckMax' is defined but never used. Allowed unused vars must match /^_/u                       @typescript-eslint/no-unused-vars
  129:1   error  'shouldUseMovieScrollDeck' is defined but never used. Allowed unused vars must match /^_/u                 @typescript-eslint/no-unused-vars
  130:1   error  'MOVIE_BROWSE_LAYOUTS' is defined but never used. Allowed unused vars must match /^_/u                     @typescript-eslint/no-unused-vars
  131:1   error  'readMovieBrowseLayout' is defined but never used. Allowed unused vars must match /^_/u                    @typescript-eslint/no-unused-vars
  132:1   error  'writeMovieBrowseLayout' is defined but never used. Allowed unused vars must match /^_/u                   @typescript-eslint/no-unused-vars
  133:1   error  'clampMovieTransitionOrigin' is defined but never used. Allowed unused vars must match /^_/u               @typescript-eslint/no-unused-vars
  134:1   error  'getMovieDialogMetrics' is defined but never used. Allowed unused vars must match /^_/u                    @typescript-eslint/no-unused-vars
  135:1   error  'getMovieWatchStatus' is defined but never used. Allowed unused vars must match /^_/u                      @typescript-eslint/no-unused-vars
  136:1   error  'getMovieNotePreview' is defined but never used. Allowed unused vars must match /^_/u                      @typescript-eslint/no-unused-vars
  137:1   error  'getSecondaryMovieMemories' is defined but never used. Allowed unused vars must match /^_/u                @typescript-eslint/no-unused-vars
  138:1   error  'MovieSortOrder' is defined but never used. Allowed unused vars must match /^_/u                           @typescript-eslint/no-unused-vars
  140:1   error  'getAllMovies' is defined but never used. Allowed unused vars must match /^_/u                             @typescript-eslint/no-unused-vars
  141:1   error  'buildMovieSections' is defined but never used. Allowed unused vars must match /^_/u                       @typescript-eslint/no-unused-vars
  142:1   error  'MediaTypeFilter' is defined but never used. Allowed unused vars must match /^_/u                          @typescript-eslint/no-unused-vars
  143:1   error  'isTvSeries' is defined but never used. Allowed unused vars must match /^_/u                               @typescript-eslint/no-unused-vars
  144:1   error  'getMediaType' is defined but never used. Allowed unused vars must match /^_/u                             @typescript-eslint/no-unused-vars
  145:1   error  'filterMoviesByMediaType' is defined but never used. Allowed unused vars must match /^_/u                  @typescript-eslint/no-unused-vars
  146:1   error  'submitMemory' is defined but never used. Allowed unused vars must match /^_/u                             @typescript-eslint/no-unused-vars
  147:1   error  'MOVIE_SECTION_IDS' is defined but never used. Allowed unused vars must match /^_/u                        @typescript-eslint/no-unused-vars
  148:1   error  'MOVIE_SORTS' is defined but never used. Allowed unused vars must match /^_/u                              @typescript-eslint/no-unused-vars
  149:1   error  'PosterHero' is defined but never used. Allowed unused vars must match /^_/u                               @typescript-eslint/no-unused-vars
  150:1   error  'MetadataHeader' is defined but never used. Allowed unused vars must match /^_/u                           @typescript-eslint/no-unused-vars
  151:1   error  'SummaryBand' is defined but never used. Allowed unused vars must match /^_/u                              @typescript-eslint/no-unused-vars
  152:1   error  'NotesAndMemoriesSection' is defined but never used. Allowed unused vars must match /^_/u                  @typescript-eslint/no-unused-vars
  153:1   error  'MovieTransitionOrigin' is defined but never used. Allowed unused vars must match /^_/u                    @typescript-eslint/no-unused-vars
  155:1   error  'MovieSectionIds' is defined but never used. Allowed unused vars must match /^_/u                          @typescript-eslint/no-unused-vars
  191:3   error  'isInteractionStatic' is assigned a value but never used. Allowed unused args must match /^_/u             @typescript-eslint/no-unused-vars
  235:89  error  Unexpected any. Specify a different type                                                                   @typescript-eslint/no-explicit-any

/app/applet/apps/web/src/components/movies/MoviesTopControls.tsx
    2:8   error  'DriftWall' is defined but never used. Allowed unused vars must match /^_/u                                @typescript-eslint/no-unused-vars
    3:11  error  'interleaveCollectionItems' is defined but never used. Allowed unused vars must match /^_/u                @typescript-eslint/no-unused-vars
    4:15  error  'GalleryPhoto' is defined but never used. Allowed unused vars must match /^_/u                             @typescript-eslint/no-unused-vars
    6:3   error  'buildCollectionSections' is defined but never used. Allowed unused vars must match /^_/u                  @typescript-eslint/no-unused-vars
    7:3   error  'compareCreatedAtDesc' is defined but never used. Allowed unused vars must match /^_/u                     @typescript-eslint/no-unused-vars
    8:3   error  'compareStringsAlpha' is defined but never used. Allowed unused vars must match /^_/u                      @typescript-eslint/no-unused-vars
    9:8   error  'CollectionSections' is defined but never used. Allowed unused vars must match /^_/u                       @typescript-eslint/no-unused-vars
   12:3   error  'getListEnterSelectionIndex' is defined but never used. Allowed unused vars must match /^_/u               @typescript-eslint/no-unused-vars
   13:3   error  'getNextListIndex' is defined but never used. Allowed unused vars must match /^_/u                         @typescript-eslint/no-unused-vars
   24:10  error  'createPortal' is defined but never used. Allowed unused vars must match /^_/u                             @typescript-eslint/no-unused-vars
   26:3   error  'Movie' is defined but never used. Allowed unused vars must match /^_/u                                    @typescript-eslint/no-unused-vars
   27:3   error  'SharedMemory' is defined but never used. Allowed unused vars must match /^_/u                             @typescript-eslint/no-unused-vars
   28:3   error  'User' is defined but never used. Allowed unused vars must match /^_/u                                     @typescript-eslint/no-unused-vars
   29:3   error  'MovieSuggestion' is defined but never used. Allowed unused vars must match /^_/u                          @typescript-eslint/no-unused-vars
   30:3   error  'MoviesViewProps' is defined but never used. Allowed unused vars must match /^_/u                          @typescript-eslint/no-unused-vars
   39:3   error  'SyncBanner' is defined but never used. Allowed unused vars must match /^_/u                               @typescript-eslint/no-unused-vars
   40:3   error  'StremioButton' is defined but never used. Allowed unused vars must match /^_/u                            @typescript-eslint/no-unused-vars
   41:3   error  'YoutubeButton' is defined but never used. Allowed unused vars must match /^_/u                            @typescript-eslint/no-unused-vars
   42:3   error  'ConfirmDialog' is defined but never used. Allowed unused vars must match /^_/u                            @typescript-eslint/no-unused-vars
   43:3   error  'Modal' is defined but never used. Allowed unused vars must match /^_/u                                    @typescript-eslint/no-unused-vars
   44:3   error  'Input' is defined but never used. Allowed unused vars must match /^_/u                                    @typescript-eslint/no-unused-vars
   45:3   error  'Textarea' is defined but never used. Allowed unused vars must match /^_/u                                 @typescript-eslint/no-unused-vars
   46:3   error  'SuggestionCardBase' is defined but never used. Allowed unused vars must match /^_/u                       @typescript-eslint/no-unused-vars
   57:3   error  'MediaPoster' is defined but never used. Allowed unused vars must match /^_/u                              @typescript-eslint/no-unused-vars
   58:3   error  'MediaCardPosterWrap' is defined but never used. Allowed unused vars must match /^_/u                      @typescript-eslint/no-unused-vars
   59:3   error  'MediaCardTitle' is defined but never used. Allowed unused vars must match /^_/u                           @typescript-eslint/no-unused-vars
   60:3   error  'MediaCardWatcherStack' is defined but never used. Allowed unused vars must match /^_/u                    @typescript-eslint/no-unused-vars
   61:3   error  'DriftWallLoading' is defined but never used. Allowed unused vars must match /^_/u                         @typescript-eslint/no-unused-vars
   62:3   error  'CollectionEmptyState' is defined but never used. Allowed unused vars must match /^_/u                     @typescript-eslint/no-unused-vars
   63:3   error  'MoviesEmptyIllustration' is defined but never used. Allowed unused vars must match /^_/u                  @typescript-eslint/no-unused-vars
   64:3   error  'useModalBase' is defined but never used. Allowed unused vars must match /^_/u                             @typescript-eslint/no-unused-vars
   65:3   error  'CardTiltShell' is defined but never used. Allowed unused vars must match /^_/u                            @typescript-eslint/no-unused-vars
   66:3   error  'CardTiltSheen' is defined but never used. Allowed unused vars must match /^_/u                            @typescript-eslint/no-unused-vars
   68:3   error  'CardActionButton' is defined but never used. Allowed unused vars must match /^_/u                         @typescript-eslint/no-unused-vars
   69:3   error  'Card' is defined but never used. Allowed unused vars must match /^_/u                                     @typescript-eslint/no-unused-vars
   70:8   error  'BentoStatTileConfig' is defined but never used. Allowed unused vars must match /^_/u                      @typescript-eslint/no-unused-vars
   71:8   error  'BentoSortChipConfig' is defined but never used. Allowed unused vars must match /^_/u                      @typescript-eslint/no-unused-vars
   72:8   error  'SortOrder' is defined but never used. Allowed unused vars must match /^_/u                                @typescript-eslint/no-unused-vars
   75:3   error  'CheckIcon' is defined but never used. Allowed unused vars must match /^_/u                                @typescript-eslint/no-unused-vars
   76:3   error  'FilmIcon' is defined but never used. Allowed unused vars must match /^_/u                                 @typescript-eslint/no-unused-vars
   77:3   error  'MessageIcon' is defined but never used. Allowed unused vars must match /^_/u                              @typescript-eslint/no-unused-vars
   79:3   error  'BookmarkIcon' is defined but never used. Allowed unused vars must match /^_/u                             @typescript-eslint/no-unused-vars
   80:3   error  'EditIcon' is defined but never used. Allowed unused vars must match /^_/u                                 @typescript-eslint/no-unused-vars
   81:3   error  'PlayIcon' is defined but never used. Allowed unused vars must match /^_/u                                 @typescript-eslint/no-unused-vars
   82:3   error  'StarIcon' is defined but never used. Allowed unused vars must match /^_/u                                 @typescript-eslint/no-unused-vars
   83:3   error  'TvIcon' is defined but never used. Allowed unused vars must match /^_/u                                   @typescript-eslint/no-unused-vars
   85:23  error  'useUser' is defined but never used. Allowed unused vars must match /^_/u                                  @typescript-eslint/no-unused-vars
   85:32  error  'useBentoSlot' is defined but never used. Allowed unused vars must match /^_/u                             @typescript-eslint/no-unused-vars
   86:10  error  'useFeatureFonts' is defined but never used. Allowed unused vars must match /^_/u                          @typescript-eslint/no-unused-vars
   86:27  error  'mediaBreakpoints' is defined but never used. Allowed unused vars must match /^_/u                         @typescript-eslint/no-unused-vars
   86:45  error  'useMediaQuery' is defined but never used. Allowed unused vars must match /^_/u                            @typescript-eslint/no-unused-vars
   87:10  error  'colors' is defined but never used. Allowed unused vars must match /^_/u                                   @typescript-eslint/no-unused-vars
   87:18  error  'radius' is defined but never used. Allowed unused vars must match /^_/u                                   @typescript-eslint/no-unused-vars
   87:26  error  'spacing' is defined but never used. Allowed unused vars must match /^_/u                                  @typescript-eslint/no-unused-vars
   87:35  error  'typography' is defined but never used. Allowed unused vars must match /^_/u                               @typescript-eslint/no-unused-vars
   89:3   error  'formatMemoryTimestamp' is defined but never used. Allowed unused vars must match /^_/u                    @typescript-eslint/no-unused-vars
   90:3   error  'getWorkspaceCollectionState' is defined but never used. Allowed unused vars must match /^_/u              @typescript-eslint/no-unused-vars
   91:3   error  'MAX_MOVIE_TITLE_LENGTH' is defined but never used. Allowed unused vars must match /^_/u                   @typescript-eslint/no-unused-vars
   92:3   error  'sanitizeInput' is defined but never used. Allowed unused vars must match /^_/u                            @typescript-eslint/no-unused-vars
   93:3   error  'getErrorMessage' is defined but never used. Allowed unused vars must match /^_/u                          @typescript-eslint/no-unused-vars
   94:3   error  'consoleError' is defined but never used. Allowed unused vars must match /^_/u                             @typescript-eslint/no-unused-vars
  100:3   error  'fetchOmdbMetadataCached' is defined but never used. Allowed unused vars must match /^_/u                  @typescript-eslint/no-unused-vars
  103:3   error  'MemoryComposer' is defined but never used. Allowed unused vars must match /^_/u                           @typescript-eslint/no-unused-vars
  104:3   error  'MemoryList' is defined but never used. Allowed unused vars must match /^_/u                               @typescript-eslint/no-unused-vars
  105:3   error  'INITIAL_VISIBLE_COUNT' is defined but never used. Allowed unused vars must match /^_/u                    @typescript-eslint/no-unused-vars
  107:10  error  'useMoviesWorkspace' is defined but never used. Allowed unused vars must match /^_/u                       @typescript-eslint/no-unused-vars
  110:1   error  'buildGalleryPhotos' is defined but never used. Allowed unused vars must match /^_/u                       @typescript-eslint/no-unused-vars
  111:1   error  'MAX_MOVIE_NOTE_LENGTH' is defined but never used. Allowed unused vars must match /^_/u                    @typescript-eslint/no-unused-vars
  112:1   error  'MAX_RECOMMENDATION_REASON_LENGTH' is defined but never used. Allowed unused vars must match /^_/u         @typescript-eslint/no-unused-vars
  113:1   error  'MAX_GUEST_SUGGESTER_NAME_LENGTH' is defined but never used. Allowed unused vars must match /^_/u          @typescript-eslint/no-unused-vars
  114:1   error  'MovieActionState' is defined but never used. Allowed unused vars must match /^_/u                         @typescript-eslint/no-unused-vars
  115:1   error  'getMovieActionState' is defined but never used. Allowed unused vars must match /^_/u                      @typescript-eslint/no-unused-vars
  122:1   error  'getMovieAutocompleteEnterSelectionIndex' is defined but never used. Allowed unused vars must match /^_/u  @typescript-eslint/no-unused-vars
  123:1   error  'getNextMovieAutocompleteIndex' is defined but never used. Allowed unused vars must match /^_/u            @typescript-eslint/no-unused-vars
  124:1   error  'MovieBrowseLayout' is defined but never used. Allowed unused vars must match /^_/u                        @typescript-eslint/no-unused-vars
  125:1   error  'MOVIE_SCROLL_DECK_MAX_DESKTOP' is defined but never used. Allowed unused vars must match /^_/u            @typescript-eslint/no-unused-vars
  126:1   error  'MOVIE_SCROLL_DECK_MAX_MOBILE' is defined but never used. Allowed unused vars must match /^_/u             @typescript-eslint/no-unused-vars
  127:1   error  'movieScrollDeckMax' is defined but never used. Allowed unused vars must match /^_/u                       @typescript-eslint/no-unused-vars
  128:1   error  'shouldUseMovieScrollDeck' is defined but never used. Allowed unused vars must match /^_/u                 @typescript-eslint/no-unused-vars
  129:1   error  'MOVIE_BROWSE_LAYOUTS' is defined but never used. Allowed unused vars must match /^_/u                     @typescript-eslint/no-unused-vars
  130:1   error  'readMovieBrowseLayout' is defined but never used. Allowed unused vars must match /^_/u                    @typescript-eslint/no-unused-vars
  131:1   error  'writeMovieBrowseLayout' is defined but never used. Allowed unused vars must match /^_/u                   @typescript-eslint/no-unused-vars
  132:1   error  'clampMovieTransitionOrigin' is defined but never used. Allowed unused vars must match /^_/u               @typescript-eslint/no-unused-vars
  133:1   error  'getMovieDialogMetrics' is defined but never used. Allowed unused vars must match /^_/u                    @typescript-eslint/no-unused-vars
  134:1   error  'getMovieWatchStatus' is defined but never used. Allowed unused vars must match /^_/u                      @typescript-eslint/no-unused-vars
  135:1   error  'getMovieNotePreview' is defined but never used. Allowed unused vars must match /^_/u                      @typescript-eslint/no-unused-vars
  136:1   error  'getSecondaryMovieMemories' is defined but never used. Allowed unused vars must match /^_/u                @typescript-eslint/no-unused-vars
  137:1   error  'MovieSortOrder' is defined but never used. Allowed unused vars must match /^_/u                           @typescript-eslint/no-unused-vars
  138:1   error  'MovieSections' is defined but never used. Allowed unused vars must match /^_/u                            @typescript-eslint/no-unused-vars
  139:1   error  'getAllMovies' is defined but never used. Allowed unused vars must match /^_/u                             @typescript-eslint/no-unused-vars
  140:1   error  'buildMovieSections' is defined but never used. Allowed unused vars must match /^_/u                       @typescript-eslint/no-unused-vars
  141:1   error  'MediaTypeFilter' is defined but never used. Allowed unused vars must match /^_/u                          @typescript-eslint/no-unused-vars
  142:1   error  'isTvSeries' is defined but never used. Allowed unused vars must match /^_/u                               @typescript-eslint/no-unused-vars
  143:1   error  'getMediaType' is defined but never used. Allowed unused vars must match /^_/u                             @typescript-eslint/no-unused-vars
  144:1   error  'filterMoviesByMediaType' is defined but never used. Allowed unused vars must match /^_/u                  @typescript-eslint/no-unused-vars
  145:1   error  'submitMemory' is defined but never used. Allowed unused vars must match /^_/u                             @typescript-eslint/no-unused-vars
  146:1   error  'MOVIE_SECTION_IDS' is defined but never used. Allowed unused vars must match /^_/u                        @typescript-eslint/no-unused-vars
  147:1   error  'MOVIE_SORTS' is defined but never used. Allowed unused vars must match /^_/u                              @typescript-eslint/no-unused-vars
  148:1   error  'PosterHero' is defined but never used. Allowed unused vars must match /^_/u                               @typescript-eslint/no-unused-vars
  149:1   error  'MetadataHeader' is defined but never used. Allowed unused vars must match /^_/u                           @typescript-eslint/no-unused-vars
  150:1   error  'SummaryBand' is defined but never used. Allowed unused vars must match /^_/u                              @typescript-eslint/no-unused-vars
  151:1   error  'NotesAndMemoriesSection' is defined but never used. Allowed unused vars must match /^_/u                  @typescript-eslint/no-unused-vars
  152:1   error  'MovieTransitionOrigin' is defined but never used. Allowed unused vars must match /^_/u                    @typescript-eslint/no-unused-vars
  153:1   error  'MovieBodyActions' is defined but never used. Allowed unused vars must match /^_/u                         @typescript-eslint/no-unused-vars
  154:1   error  'MovieSectionIds' is defined but never used. Allowed unused vars must match /^_/u                          @typescript-eslint/no-unused-vars

/app/applet/apps/web/src/components/movies/MoviesView.tsx
    1:8   error  'DriftWall' is defined but never used. Allowed unused vars must match /^_/u                                @typescript-eslint/no-unused-vars
    2:11  error  'interleaveCollectionItems' is defined but never used. Allowed unused vars must match /^_/u                @typescript-eslint/no-unused-vars
    3:15  error  'GalleryPhoto' is defined but never used. Allowed unused vars must match /^_/u                             @typescript-eslint/no-unused-vars
    5:3   error  'buildCollectionSections' is defined but never used. Allowed unused vars must match /^_/u                  @typescript-eslint/no-unused-vars
    6:3   error  'compareCreatedAtDesc' is defined but never used. Allowed unused vars must match /^_/u                     @typescript-eslint/no-unused-vars
    7:3   error  'compareStringsAlpha' is defined but never used. Allowed unused vars must match /^_/u                      @typescript-eslint/no-unused-vars
    8:8   error  'CollectionSections' is defined but never used. Allowed unused vars must match /^_/u                       @typescript-eslint/no-unused-vars
   11:3   error  'getListEnterSelectionIndex' is defined but never used. Allowed unused vars must match /^_/u               @typescript-eslint/no-unused-vars
   12:3   error  'getNextListIndex' is defined but never used. Allowed unused vars must match /^_/u                         @typescript-eslint/no-unused-vars
   17:3   error  'useId' is defined but never used. Allowed unused vars must match /^_/u                                    @typescript-eslint/no-unused-vars
   18:3   error  'useImperativeHandle' is defined but never used. Allowed unused vars must match /^_/u                      @typescript-eslint/no-unused-vars
   23:10  error  'createPortal' is defined but never used. Allowed unused vars must match /^_/u                             @typescript-eslint/no-unused-vars
   27:3   error  'User' is defined but never used. Allowed unused vars must match /^_/u                                     @typescript-eslint/no-unused-vars
   28:3   error  'MovieSuggestion' is defined but never used. Allowed unused vars must match /^_/u                          @typescript-eslint/no-unused-vars
   29:3   error  'MoviesViewProps' is defined but never used. Allowed unused vars must match /^_/u                          @typescript-eslint/no-unused-vars
   32:3   error  'useAutocompleteFocusBoundary' is defined but never used. Allowed unused vars must match /^_/u             @typescript-eslint/no-unused-vars
   33:3   error  'useWorkspaceAutocompleteDismiss' is defined but never used. Allowed unused vars must match /^_/u          @typescript-eslint/no-unused-vars
   34:3   error  'useWorkspaceAutocompleteNavigation' is defined but never used. Allowed unused vars must match /^_/u       @typescript-eslint/no-unused-vars
   35:3   error  'useWorkspaceSearchInputHandle' is defined but never used. Allowed unused vars must match /^_/u            @typescript-eslint/no-unused-vars
   39:3   error  'StremioButton' is defined but never used. Allowed unused vars must match /^_/u                            @typescript-eslint/no-unused-vars
   40:3   error  'YoutubeButton' is defined but never used. Allowed unused vars must match /^_/u                            @typescript-eslint/no-unused-vars
   42:3   error  'Modal' is defined but never used. Allowed unused vars must match /^_/u                                    @typescript-eslint/no-unused-vars
   43:3   error  'Input' is defined but never used. Allowed unused vars must match /^_/u                                    @typescript-eslint/no-unused-vars
   44:3   error  'Textarea' is defined but never used. Allowed unused vars must match /^_/u                                 @typescript-eslint/no-unused-vars
   45:3   error  'SuggestionCardBase' is defined but never used. Allowed unused vars must match /^_/u                       @typescript-eslint/no-unused-vars
   46:3   error  'WorkspaceSearchShell' is defined but never used. Allowed unused vars must match /^_/u                     @typescript-eslint/no-unused-vars
   47:3   error  'WorkspaceSearchActions' is defined but never used. Allowed unused vars must match /^_/u                   @typescript-eslint/no-unused-vars
   48:3   error  'WorkspaceSearchField' is defined but never used. Allowed unused vars must match /^_/u                     @typescript-eslint/no-unused-vars
   49:3   error  'WorkspaceAutocompleteCopy' is defined but never used. Allowed unused vars must match /^_/u                @typescript-eslint/no-unused-vars
   50:3   error  'WorkspaceAutocompleteLoading' is defined but never used. Allowed unused vars must match /^_/u             @typescript-eslint/no-unused-vars
   51:3   error  'WorkspaceAutocompleteOption' is defined but never used. Allowed unused vars must match /^_/u              @typescript-eslint/no-unused-vars
   52:3   error  'WorkspaceAutocompletePanel' is defined but never used. Allowed unused vars must match /^_/u               @typescript-eslint/no-unused-vars
   53:3   error  'WorkspaceAutocompletePoster' is defined but never used. Allowed unused vars must match /^_/u              @typescript-eslint/no-unused-vars
   54:3   error  'WorkspaceAutocompleteStatus' is defined but never used. Allowed unused vars must match /^_/u              @typescript-eslint/no-unused-vars
   55:3   error  'Button' is defined but never used. Allowed unused vars must match /^_/u                                   @typescript-eslint/no-unused-vars
   56:3   error  'MediaPoster' is defined but never used. Allowed unused vars must match /^_/u                              @typescript-eslint/no-unused-vars
   57:3   error  'MediaCardPosterWrap' is defined but never used. Allowed unused vars must match /^_/u                      @typescript-eslint/no-unused-vars
   58:3   error  'MediaCardTitle' is defined but never used. Allowed unused vars must match /^_/u                           @typescript-eslint/no-unused-vars
   59:3   error  'MediaCardWatcherStack' is defined but never used. Allowed unused vars must match /^_/u                    @typescript-eslint/no-unused-vars
   60:3   error  'DriftWallLoading' is defined but never used. Allowed unused vars must match /^_/u                         @typescript-eslint/no-unused-vars
   61:3   error  'CollectionEmptyState' is defined but never used. Allowed unused vars must match /^_/u                     @typescript-eslint/no-unused-vars
   62:3   error  'MoviesEmptyIllustration' is defined but never used. Allowed unused vars must match /^_/u                  @typescript-eslint/no-unused-vars
   63:3   error  'useModalBase' is defined but never used. Allowed unused vars must match /^_/u                             @typescript-eslint/no-unused-vars
   64:3   error  'CardTiltShell' is defined but never used. Allowed unused vars must match /^_/u                            @typescript-eslint/no-unused-vars
   65:3   error  'CardTiltSheen' is defined but never used. Allowed unused vars must match /^_/u                            @typescript-eslint/no-unused-vars
   66:3   error  'MagicToggle' is defined but never used. Allowed unused vars must match /^_/u                              @typescript-eslint/no-unused-vars
   67:3   error  'CardActionButton' is defined but never used. Allowed unused vars must match /^_/u                         @typescript-eslint/no-unused-vars
   68:3   error  'Card' is defined but never used. Allowed unused vars must match /^_/u                                     @typescript-eslint/no-unused-vars
   70:8   error  'BentoSortChipConfig' is defined but never used. Allowed unused vars must match /^_/u                      @typescript-eslint/no-unused-vars
   77:3   error  'PlusIcon' is defined but never used. Allowed unused vars must match /^_/u                                 @typescript-eslint/no-unused-vars
   78:3   error  'BookmarkIcon' is defined but never used. Allowed unused vars must match /^_/u                             @typescript-eslint/no-unused-vars
   79:3   error  'EditIcon' is defined but never used. Allowed unused vars must match /^_/u                                 @typescript-eslint/no-unused-vars
   80:3   error  'PlayIcon' is defined but never used. Allowed unused vars must match /^_/u                                 @typescript-eslint/no-unused-vars
   81:3   error  'StarIcon' is defined but never used. Allowed unused vars must match /^_/u                                 @typescript-eslint/no-unused-vars
   82:3   error  'TvIcon' is defined but never used. Allowed unused vars must match /^_/u                                   @typescript-eslint/no-unused-vars
   85:10  error  'useFeatureFonts' is defined but never used. Allowed unused vars must match /^_/u                          @typescript-eslint/no-unused-vars
   85:27  error  'mediaBreakpoints' is defined but never used. Allowed unused vars must match /^_/u                         @typescript-eslint/no-unused-vars
   85:45  error  'useMediaQuery' is defined but never used. Allowed unused vars must match /^_/u                            @typescript-eslint/no-unused-vars
   86:10  error  'colors' is defined but never used. Allowed unused vars must match /^_/u                                   @typescript-eslint/no-unused-vars
   86:18  error  'radius' is defined but never used. Allowed unused vars must match /^_/u                                   @typescript-eslint/no-unused-vars
   86:26  error  'spacing' is defined but never used. Allowed unused vars must match /^_/u                                  @typescript-eslint/no-unused-vars
   86:35  error  'typography' is defined but never used. Allowed unused vars must match /^_/u                               @typescript-eslint/no-unused-vars
   88:3   error  'formatMemoryTimestamp' is defined but never used. Allowed unused vars must match /^_/u                    @typescript-eslint/no-unused-vars
   89:3   error  'getWorkspaceCollectionState' is defined but never used. Allowed unused vars must match /^_/u              @typescript-eslint/no-unused-vars
   90:3   error  'MAX_MOVIE_TITLE_LENGTH' is defined but never used. Allowed unused vars must match /^_/u                   @typescript-eslint/no-unused-vars
   91:3   error  'sanitizeInput' is defined but never used. Allowed unused vars must match /^_/u                            @typescript-eslint/no-unused-vars
   92:3   error  'getErrorMessage' is defined but never used. Allowed unused vars must match /^_/u                          @typescript-eslint/no-unused-vars
   93:3   error  'consoleError' is defined but never used. Allowed unused vars must match /^_/u                             @typescript-eslint/no-unused-vars
   96:3   error  'searchMovieAutocomplete' is defined but never used. Allowed unused vars must match /^_/u                  @typescript-eslint/no-unused-vars
   97:3   error  'getCachedMovieAutocomplete' is defined but never used. Allowed unused vars must match /^_/u               @typescript-eslint/no-unused-vars
   98:8   error  'MovieAutocompleteResult' is defined but never used. Allowed unused vars must match /^_/u                  @typescript-eslint/no-unused-vars
   99:3   error  'fetchOmdbMetadataCached' is defined but never used. Allowed unused vars must match /^_/u                  @typescript-eslint/no-unused-vars
  102:3   error  'MemoryComposer' is defined but never used. Allowed unused vars must match /^_/u                           @typescript-eslint/no-unused-vars
  103:3   error  'MemoryList' is defined but never used. Allowed unused vars must match /^_/u                               @typescript-eslint/no-unused-vars
  104:3   error  'INITIAL_VISIBLE_COUNT' is defined but never used. Allowed unused vars must match /^_/u                    @typescript-eslint/no-unused-vars
  109:1   error  'buildGalleryPhotos' is defined but never used. Allowed unused vars must match /^_/u                       @typescript-eslint/no-unused-vars
  110:1   error  'MAX_MOVIE_NOTE_LENGTH' is defined but never used. Allowed unused vars must match /^_/u                    @typescript-eslint/no-unused-vars
  111:1   error  'MAX_RECOMMENDATION_REASON_LENGTH' is defined but never used. Allowed unused vars must match /^_/u         @typescript-eslint/no-unused-vars
  112:1   error  'MAX_GUEST_SUGGESTER_NAME_LENGTH' is defined but never used. Allowed unused vars must match /^_/u          @typescript-eslint/no-unused-vars
  113:1   error  'MovieActionState' is defined but never used. Allowed unused vars must match /^_/u                         @typescript-eslint/no-unused-vars
  114:1   error  'getMovieActionState' is defined but never used. Allowed unused vars must match /^_/u                      @typescript-eslint/no-unused-vars
  115:1   error  'MOVIE_AUTOCOMPLETE_MIN_QUERY_LENGTH' is defined but never used. Allowed unused vars must match /^_/u      @typescript-eslint/no-unused-vars
  116:1   error  'MOVIE_AUTOCOMPLETE_DEBOUNCE_MS' is defined but never used. Allowed unused vars must match /^_/u           @typescript-eslint/no-unused-vars
  117:1   error  'normalizeMovieAutocompleteQuery' is defined but never used. Allowed unused vars must match /^_/u          @typescript-eslint/no-unused-vars
  118:1   error  'shouldFetchMovieAutocomplete' is defined but never used. Allowed unused vars must match /^_/u             @typescript-eslint/no-unused-vars
  119:1   error  'shouldClearSelectedMovieResult' is defined but never used. Allowed unused vars must match /^_/u           @typescript-eslint/no-unused-vars
  120:1   error  'hasStoredMovieAutocompleteFeedback' is defined but never used. Allowed unused vars must match /^_/u       @typescript-eslint/no-unused-vars
  121:1   error  'getMovieAutocompleteEnterSelectionIndex' is defined but never used. Allowed unused vars must match /^_/u  @typescript-eslint/no-unused-vars
  122:1   error  'getNextMovieAutocompleteIndex' is defined but never used. Allowed unused vars must match /^_/u            @typescript-eslint/no-unused-vars
  123:1   error  'MovieBrowseLayout' is defined but never used. Allowed unused vars must match /^_/u                        @typescript-eslint/no-unused-vars
  124:1   error  'MOVIE_SCROLL_DECK_MAX_DESKTOP' is defined but never used. Allowed unused vars must match /^_/u            @typescript-eslint/no-unused-vars
  125:1   error  'MOVIE_SCROLL_DECK_MAX_MOBILE' is defined but never used. Allowed unused vars must match /^_/u             @typescript-eslint/no-unused-vars
  126:1   error  'movieScrollDeckMax' is defined but never used. Allowed unused vars must match /^_/u                       @typescript-eslint/no-unused-vars
  127:1   error  'shouldUseMovieScrollDeck' is defined but never used. Allowed unused vars must match /^_/u                 @typescript-eslint/no-unused-vars
  128:1   error  'MOVIE_BROWSE_LAYOUTS' is defined but never used. Allowed unused vars must match /^_/u                     @typescript-eslint/no-unused-vars
  129:1   error  'readMovieBrowseLayout' is defined but never used. Allowed unused vars must match /^_/u                    @typescript-eslint/no-unused-vars
  130:1   error  'writeMovieBrowseLayout' is defined but never used. Allowed unused vars must match /^_/u                   @typescript-eslint/no-unused-vars
  131:1   error  'clampMovieTransitionOrigin' is defined but never used. Allowed unused vars must match /^_/u               @typescript-eslint/no-unused-vars
  132:1   error  'getMovieDialogMetrics' is defined but never used. Allowed unused vars must match /^_/u                    @typescript-eslint/no-unused-vars
  133:1   error  'getMovieWatchStatus' is defined but never used. Allowed unused vars must match /^_/u                      @typescript-eslint/no-unused-vars
  134:1   error  'getMovieNotePreview' is defined but never used. Allowed unused vars must match /^_/u                      @typescript-eslint/no-unused-vars
  135:1   error  'getSecondaryMovieMemories' is defined but never used. Allowed unused vars must match /^_/u                @typescript-eslint/no-unused-vars
  137:1   error  'MovieSections' is defined but never used. Allowed unused vars must match /^_/u                            @typescript-eslint/no-unused-vars
  138:1   error  'getAllMovies' is defined but never used. Allowed unused vars must match /^_/u                             @typescript-eslint/no-unused-vars
  140:1   error  'MediaTypeFilter' is defined but never used. Allowed unused vars must match /^_/u                          @typescript-eslint/no-unused-vars
  141:1   error  'isTvSeries' is defined but never used. Allowed unused vars must match /^_/u                               @typescript-eslint/no-unused-vars
  142:1   error  'getMediaType' is defined but never used. Allowed unused vars must match /^_/u                             @typescript-eslint/no-unused-vars
  143:1   error  'filterMoviesByMediaType' is defined but never used. Allowed unused vars must match /^_/u                  @typescript-eslint/no-unused-vars
  144:1   error  'submitMemory' is defined but never used. Allowed unused vars must match /^_/u                             @typescript-eslint/no-unused-vars
  147:1   error  'PosterHero' is defined but never used. Allowed unused vars must match /^_/u                               @typescript-eslint/no-unused-vars
  148:1   error  'MetadataHeader' is defined but never used. Allowed unused vars must match /^_/u                           @typescript-eslint/no-unused-vars
  149:1   error  'SummaryBand' is defined but never used. Allowed unused vars must match /^_/u                              @typescript-eslint/no-unused-vars
  150:1   error  'NotesAndMemoriesSection' is defined but never used. Allowed unused vars must match /^_/u                  @typescript-eslint/no-unused-vars
  151:1   error  'MovieTransitionOrigin' is defined but never used. Allowed unused vars must match /^_/u                    @typescript-eslint/no-unused-vars
  152:1   error  'MovieBodyActions' is defined but never used. Allowed unused vars must match /^_/u                         @typescript-eslint/no-unused-vars
  153:1   error  'MovieSectionIds' is defined but never used. Allowed unused vars must match /^_/u                          @typescript-eslint/no-unused-vars
  157:10  error  'MovieCard' is defined but never used. Allowed unused vars must match /^_/u                                @typescript-eslint/no-unused-vars
  158:10  error  'MovieDetailsModal' is defined but never used. Allowed unused vars must match /^_/u                        @typescript-eslint/no-unused-vars
  159:10  error  'MovieEditModal' is defined but never used. Allowed unused vars must match /^_/u                           @typescript-eslint/no-unused-vars
  160:10  error  'SuggestionCard' is defined but never used. Allowed unused vars must match /^_/u                           @typescript-eslint/no-unused-vars
  162:10  error  'MovieRecommendationComposer' is defined but never used. Allowed unused vars must match /^_/u              @typescript-eslint/no-unused-vars
  163:10  error  'MoviesTopControls' is defined but never used. Allowed unused vars must match /^_/u                        @typescript-eslint/no-unused-vars

/app/applet/apps/web/src/components/movies/SuggestionCard.tsx
    1:8   error  'DriftWall' is defined but never used. Allowed unused vars must match /^_/u                                @typescript-eslint/no-unused-vars
    2:10  error  'interleaveCollectionItems' is defined but never used. Allowed unused vars must match /^_/u                @typescript-eslint/no-unused-vars
    3:15  error  'GalleryPhoto' is defined but never used. Allowed unused vars must match /^_/u                             @typescript-eslint/no-unused-vars
    5:3   error  'buildCollectionSections' is defined but never used. Allowed unused vars must match /^_/u                  @typescript-eslint/no-unused-vars
    6:3   error  'compareCreatedAtDesc' is defined but never used. Allowed unused vars must match /^_/u                     @typescript-eslint/no-unused-vars
    7:3   error  'compareStringsAlpha' is defined but never used. Allowed unused vars must match /^_/u                      @typescript-eslint/no-unused-vars
    8:8   error  'CollectionSections' is defined but never used. Allowed unused vars must match /^_/u                       @typescript-eslint/no-unused-vars
   11:3   error  'getListEnterSelectionIndex' is defined but never used. Allowed unused vars must match /^_/u               @typescript-eslint/no-unused-vars
   12:3   error  'getNextListIndex' is defined but never used. Allowed unused vars must match /^_/u                         @typescript-eslint/no-unused-vars
   15:3   error  'useCallback' is defined but never used. Allowed unused vars must match /^_/u                              @typescript-eslint/no-unused-vars
   16:3   error  'useEffect' is defined but never used. Allowed unused vars must match /^_/u                                @typescript-eslint/no-unused-vars
   17:3   error  'useId' is defined but never used. Allowed unused vars must match /^_/u                                    @typescript-eslint/no-unused-vars
   18:3   error  'useImperativeHandle' is defined but never used. Allowed unused vars must match /^_/u                      @typescript-eslint/no-unused-vars
   19:3   error  'useMemo' is defined but never used. Allowed unused vars must match /^_/u                                  @typescript-eslint/no-unused-vars
   20:3   error  'useRef' is defined but never used. Allowed unused vars must match /^_/u                                   @typescript-eslint/no-unused-vars
   21:3   error  'useState' is defined but never used. Allowed unused vars must match /^_/u                                 @typescript-eslint/no-unused-vars
   23:10  error  'createPortal' is defined but never used. Allowed unused vars must match /^_/u                             @typescript-eslint/no-unused-vars
   25:3   error  'Movie' is defined but never used. Allowed unused vars must match /^_/u                                    @typescript-eslint/no-unused-vars
   26:3   error  'SharedMemory' is defined but never used. Allowed unused vars must match /^_/u                             @typescript-eslint/no-unused-vars
   27:3   error  'User' is defined but never used. Allowed unused vars must match /^_/u                                     @typescript-eslint/no-unused-vars
   29:3   error  'MoviesViewProps' is defined but never used. Allowed unused vars must match /^_/u                          @typescript-eslint/no-unused-vars
   32:3   error  'useAutocompleteFocusBoundary' is defined but never used. Allowed unused vars must match /^_/u             @typescript-eslint/no-unused-vars
   33:3   error  'useWorkspaceAutocompleteDismiss' is defined but never used. Allowed unused vars must match /^_/u          @typescript-eslint/no-unused-vars
   34:3   error  'useWorkspaceAutocompleteNavigation' is defined but never used. Allowed unused vars must match /^_/u       @typescript-eslint/no-unused-vars
   35:3   error  'useWorkspaceSearchInputHandle' is defined but never used. Allowed unused vars must match /^_/u            @typescript-eslint/no-unused-vars
   38:3   error  'SyncBanner' is defined but never used. Allowed unused vars must match /^_/u                               @typescript-eslint/no-unused-vars
   41:3   error  'ConfirmDialog' is defined but never used. Allowed unused vars must match /^_/u                            @typescript-eslint/no-unused-vars
   42:3   error  'Modal' is defined but never used. Allowed unused vars must match /^_/u                                    @typescript-eslint/no-unused-vars
   43:3   error  'Input' is defined but never used. Allowed unused vars must match /^_/u                                    @typescript-eslint/no-unused-vars
   44:3   error  'Textarea' is defined but never used. Allowed unused vars must match /^_/u                                 @typescript-eslint/no-unused-vars
   46:3   error  'WorkspaceSearchShell' is defined but never used. Allowed unused vars must match /^_/u                     @typescript-eslint/no-unused-vars
   47:3   error  'WorkspaceSearchActions' is defined but never used. Allowed unused vars must match /^_/u                   @typescript-eslint/no-unused-vars
   48:3   error  'WorkspaceSearchField' is defined but never used. Allowed unused vars must match /^_/u                     @typescript-eslint/no-unused-vars
   49:3   error  'WorkspaceAutocompleteCopy' is defined but never used. Allowed unused vars must match /^_/u                @typescript-eslint/no-unused-vars
   50:3   error  'WorkspaceAutocompleteLoading' is defined but never used. Allowed unused vars must match /^_/u             @typescript-eslint/no-unused-vars
   51:3   error  'WorkspaceAutocompleteOption' is defined but never used. Allowed unused vars must match /^_/u              @typescript-eslint/no-unused-vars
   52:3   error  'WorkspaceAutocompletePanel' is defined but never used. Allowed unused vars must match /^_/u               @typescript-eslint/no-unused-vars
   53:3   error  'WorkspaceAutocompletePoster' is defined but never used. Allowed unused vars must match /^_/u              @typescript-eslint/no-unused-vars
   54:3   error  'WorkspaceAutocompleteStatus' is defined but never used. Allowed unused vars must match /^_/u              @typescript-eslint/no-unused-vars
   55:3   error  'Button' is defined but never used. Allowed unused vars must match /^_/u                                   @typescript-eslint/no-unused-vars
   57:3   error  'MediaCardPosterWrap' is defined but never used. Allowed unused vars must match /^_/u                      @typescript-eslint/no-unused-vars
   58:3   error  'MediaCardTitle' is defined but never used. Allowed unused vars must match /^_/u                           @typescript-eslint/no-unused-vars
   59:3   error  'MediaCardWatcherStack' is defined but never used. Allowed unused vars must match /^_/u                    @typescript-eslint/no-unused-vars
   60:3   error  'DriftWallLoading' is defined but never used. Allowed unused vars must match /^_/u                         @typescript-eslint/no-unused-vars
   61:3   error  'CollectionEmptyState' is defined but never used. Allowed unused vars must match /^_/u                     @typescript-eslint/no-unused-vars
   62:3   error  'MoviesEmptyIllustration' is defined but never used. Allowed unused vars must match /^_/u                  @typescript-eslint/no-unused-vars
   63:3   error  'useModalBase' is defined but never used. Allowed unused vars must match /^_/u                             @typescript-eslint/no-unused-vars
   64:3   error  'CardTiltShell' is defined but never used. Allowed unused vars must match /^_/u                            @typescript-eslint/no-unused-vars
   65:3   error  'CardTiltSheen' is defined but never used. Allowed unused vars must match /^_/u                            @typescript-eslint/no-unused-vars
   66:3   error  'MagicToggle' is defined but never used. Allowed unused vars must match /^_/u                              @typescript-eslint/no-unused-vars
   67:3   error  'CardActionButton' is defined but never used. Allowed unused vars must match /^_/u                         @typescript-eslint/no-unused-vars
   68:3   error  'Card' is defined but never used. Allowed unused vars must match /^_/u                                     @typescript-eslint/no-unused-vars
   69:8   error  'BentoStatTileConfig' is defined but never used. Allowed unused vars must match /^_/u                      @typescript-eslint/no-unused-vars
   70:8   error  'BentoSortChipConfig' is defined but never used. Allowed unused vars must match /^_/u                      @typescript-eslint/no-unused-vars
   71:8   error  'SortOrder' is defined but never used. Allowed unused vars must match /^_/u                                @typescript-eslint/no-unused-vars
   74:3   error  'CheckIcon' is defined but never used. Allowed unused vars must match /^_/u                                @typescript-eslint/no-unused-vars
   75:3   error  'FilmIcon' is defined but never used. Allowed unused vars must match /^_/u                                 @typescript-eslint/no-unused-vars
   76:3   error  'MessageIcon' is defined but never used. Allowed unused vars must match /^_/u                              @typescript-eslint/no-unused-vars
   77:3   error  'PlusIcon' is defined but never used. Allowed unused vars must match /^_/u                                 @typescript-eslint/no-unused-vars
   78:3   error  'BookmarkIcon' is defined but never used. Allowed unused vars must match /^_/u                             @typescript-eslint/no-unused-vars
   79:3   error  'EditIcon' is defined but never used. Allowed unused vars must match /^_/u                                 @typescript-eslint/no-unused-vars
   80:3   error  'PlayIcon' is defined but never used. Allowed unused vars must match /^_/u                                 @typescript-eslint/no-unused-vars
   81:3   error  'StarIcon' is defined but never used. Allowed unused vars must match /^_/u                                 @typescript-eslint/no-unused-vars
   82:3   error  'TvIcon' is defined but never used. Allowed unused vars must match /^_/u                                   @typescript-eslint/no-unused-vars
   84:10  error  'useViewport' is defined but never used. Allowed unused vars must match /^_/u                              @typescript-eslint/no-unused-vars
   84:23  error  'useUser' is defined but never used. Allowed unused vars must match /^_/u                                  @typescript-eslint/no-unused-vars
   84:32  error  'useBentoSlot' is defined but never used. Allowed unused vars must match /^_/u                             @typescript-eslint/no-unused-vars
   85:10  error  'useFeatureFonts' is defined but never used. Allowed unused vars must match /^_/u                          @typescript-eslint/no-unused-vars
   85:27  error  'mediaBreakpoints' is defined but never used. Allowed unused vars must match /^_/u                         @typescript-eslint/no-unused-vars
   85:45  error  'useMediaQuery' is defined but never used. Allowed unused vars must match /^_/u                            @typescript-eslint/no-unused-vars
   86:10  error  'colors' is defined but never used. Allowed unused vars must match /^_/u                                   @typescript-eslint/no-unused-vars
   86:18  error  'radius' is defined but never used. Allowed unused vars must match /^_/u                                   @typescript-eslint/no-unused-vars
   86:26  error  'spacing' is defined but never used. Allowed unused vars must match /^_/u                                  @typescript-eslint/no-unused-vars
   86:35  error  'typography' is defined but never used. Allowed unused vars must match /^_/u                               @typescript-eslint/no-unused-vars
   88:3   error  'formatMemoryTimestamp' is defined but never used. Allowed unused vars must match /^_/u                    @typescript-eslint/no-unused-vars
   89:3   error  'getWorkspaceCollectionState' is defined but never used. Allowed unused vars must match /^_/u              @typescript-eslint/no-unused-vars
   90:3   error  'MAX_MOVIE_TITLE_LENGTH' is defined but never used. Allowed unused vars must match /^_/u                   @typescript-eslint/no-unused-vars
   91:3   error  'sanitizeInput' is defined but never used. Allowed unused vars must match /^_/u                            @typescript-eslint/no-unused-vars
   92:3   error  'getErrorMessage' is defined but never used. Allowed unused vars must match /^_/u                          @typescript-eslint/no-unused-vars
   93:3   error  'consoleError' is defined but never used. Allowed unused vars must match /^_/u                             @typescript-eslint/no-unused-vars
   96:3   error  'searchMovieAutocomplete' is defined but never used. Allowed unused vars must match /^_/u                  @typescript-eslint/no-unused-vars
   97:3   error  'getCachedMovieAutocomplete' is defined but never used. Allowed unused vars must match /^_/u               @typescript-eslint/no-unused-vars
   98:8   error  'MovieAutocompleteResult' is defined but never used. Allowed unused vars must match /^_/u                  @typescript-eslint/no-unused-vars
  102:3   error  'MemoryComposer' is defined but never used. Allowed unused vars must match /^_/u                           @typescript-eslint/no-unused-vars
  103:3   error  'MemoryList' is defined but never used. Allowed unused vars must match /^_/u                               @typescript-eslint/no-unused-vars
  104:3   error  'INITIAL_VISIBLE_COUNT' is defined but never used. Allowed unused vars must match /^_/u                    @typescript-eslint/no-unused-vars
  106:10  error  'useMoviesWorkspace' is defined but never used. Allowed unused vars must match /^_/u                       @typescript-eslint/no-unused-vars
  109:1   error  'buildGalleryPhotos' is defined but never used. Allowed unused vars must match /^_/u                       @typescript-eslint/no-unused-vars
  110:1   error  'MAX_MOVIE_NOTE_LENGTH' is defined but never used. Allowed unused vars must match /^_/u                    @typescript-eslint/no-unused-vars
  111:1   error  'MAX_RECOMMENDATION_REASON_LENGTH' is defined but never used. Allowed unused vars must match /^_/u         @typescript-eslint/no-unused-vars
  112:1   error  'MAX_GUEST_SUGGESTER_NAME_LENGTH' is defined but never used. Allowed unused vars must match /^_/u          @typescript-eslint/no-unused-vars
  113:1   error  'MovieActionState' is defined but never used. Allowed unused vars must match /^_/u                         @typescript-eslint/no-unused-vars
  114:1   error  'getMovieActionState' is defined but never used. Allowed unused vars must match /^_/u                      @typescript-eslint/no-unused-vars
  115:1   error  'MOVIE_AUTOCOMPLETE_MIN_QUERY_LENGTH' is defined but never used. Allowed unused vars must match /^_/u      @typescript-eslint/no-unused-vars
  116:1   error  'MOVIE_AUTOCOMPLETE_DEBOUNCE_MS' is defined but never used. Allowed unused vars must match /^_/u           @typescript-eslint/no-unused-vars
  117:1   error  'normalizeMovieAutocompleteQuery' is defined but never used. Allowed unused vars must match /^_/u          @typescript-eslint/no-unused-vars
  118:1   error  'shouldFetchMovieAutocomplete' is defined but never used. Allowed unused vars must match /^_/u             @typescript-eslint/no-unused-vars
  119:1   error  'shouldClearSelectedMovieResult' is defined but never used. Allowed unused vars must match /^_/u           @typescript-eslint/no-unused-vars
  120:1   error  'hasStoredMovieAutocompleteFeedback' is defined but never used. Allowed unused vars must match /^_/u       @typescript-eslint/no-unused-vars
  121:1   error  'getMovieAutocompleteEnterSelectionIndex' is defined but never used. Allowed unused vars must match /^_/u  @typescript-eslint/no-unused-vars
  122:1   error  'getNextMovieAutocompleteIndex' is defined but never used. Allowed unused vars must match /^_/u            @typescript-eslint/no-unused-vars
  123:1   error  'MovieBrowseLayout' is defined but never used. Allowed unused vars must match /^_/u                        @typescript-eslint/no-unused-vars
  124:1   error  'MOVIE_SCROLL_DECK_MAX_DESKTOP' is defined but never used. Allowed unused vars must match /^_/u            @typescript-eslint/no-unused-vars
  125:1   error  'MOVIE_SCROLL_DECK_MAX_MOBILE' is defined but never used. Allowed unused vars must match /^_/u             @typescript-eslint/no-unused-vars
  126:1   error  'movieScrollDeckMax' is defined but never used. Allowed unused vars must match /^_/u                       @typescript-eslint/no-unused-vars
  127:1   error  'shouldUseMovieScrollDeck' is defined but never used. Allowed unused vars must match /^_/u                 @typescript-eslint/no-unused-vars
  128:1   error  'MOVIE_BROWSE_LAYOUTS' is defined but never used. Allowed unused vars must match /^_/u                     @typescript-eslint/no-unused-vars
  129:1   error  'readMovieBrowseLayout' is defined but never used. Allowed unused vars must match /^_/u                    @typescript-eslint/no-unused-vars
  130:1   error  'writeMovieBrowseLayout' is defined but never used. Allowed unused vars must match /^_/u                   @typescript-eslint/no-unused-vars
  131:1   error  'clampMovieTransitionOrigin' is defined but never used. Allowed unused vars must match /^_/u               @typescript-eslint/no-unused-vars
  132:1   error  'getMovieDialogMetrics' is defined but never used. Allowed unused vars must match /^_/u                    @typescript-eslint/no-unused-vars
  133:1   error  'getMovieWatchStatus' is defined but never used. Allowed unused vars must match /^_/u                      @typescript-eslint/no-unused-vars
  134:1   error  'getMovieNotePreview' is defined but never used. Allowed unused vars must match /^_/u                      @typescript-eslint/no-unused-vars
  135:1   error  'getSecondaryMovieMemories' is defined but never used. Allowed unused vars must match /^_/u                @typescript-eslint/no-unused-vars
  136:1   error  'MovieSortOrder' is defined but never used. Allowed unused vars must match /^_/u                           @typescript-eslint/no-unused-vars
  137:1   error  'MovieSections' is defined but never used. Allowed unused vars must match /^_/u                            @typescript-eslint/no-unused-vars
  138:1   error  'getAllMovies' is defined but never used. Allowed unused vars must match /^_/u                             @typescript-eslint/no-unused-vars
  139:1   error  'buildMovieSections' is defined but never used. Allowed unused vars must match /^_/u                       @typescript-eslint/no-unused-vars
  140:1   error  'MediaTypeFilter' is defined but never used. Allowed unused vars must match /^_/u                          @typescript-eslint/no-unused-vars
  141:1   error  'isTvSeries' is defined but never used. Allowed unused vars must match /^_/u                               @typescript-eslint/no-unused-vars
  142:1   error  'getMediaType' is defined but never used. Allowed unused vars must match /^_/u                             @typescript-eslint/no-unused-vars
  143:1   error  'filterMoviesByMediaType' is defined but never used. Allowed unused vars must match /^_/u                  @typescript-eslint/no-unused-vars
  144:1   error  'submitMemory' is defined but never used. Allowed unused vars must match /^_/u                             @typescript-eslint/no-unused-vars
  145:1   error  'MOVIE_SECTION_IDS' is defined but never used. Allowed unused vars must match /^_/u                        @typescript-eslint/no-unused-vars
  146:1   error  'MOVIE_SORTS' is defined but never used. Allowed unused vars must match /^_/u                              @typescript-eslint/no-unused-vars
  147:1   error  'PosterHero' is defined but never used. Allowed unused vars must match /^_/u                               @typescript-eslint/no-unused-vars
  148:1   error  'MetadataHeader' is defined but never used. Allowed unused vars must match /^_/u                           @typescript-eslint/no-unused-vars
  149:1   error  'SummaryBand' is defined but never used. Allowed unused vars must match /^_/u                              @typescript-eslint/no-unused-vars
  150:1   error  'NotesAndMemoriesSection' is defined but never used. Allowed unused vars must match /^_/u                  @typescript-eslint/no-unused-vars
  151:1   error  'MovieTransitionOrigin' is defined but never used. Allowed unused vars must match /^_/u                    @typescript-eslint/no-unused-vars
  152:1   error  'MovieBodyActions' is defined but never used. Allowed unused vars must match /^_/u                         @typescript-eslint/no-unused-vars
  153:1   error  'MovieSectionIds' is defined but never used. Allowed unused vars must match /^_/u                          @typescript-eslint/no-unused-vars

/app/applet/apps/web/src/components/movies/index.tsx
  1:1  warning  This rule can't verify that `export *` only exports components  react-refresh/only-export-components
  2:1  warning  This rule can't verify that `export *` only exports components  react-refresh/only-export-components
  3:1  warning  This rule can't verify that `export *` only exports components  react-refresh/only-export-components
  4:1  warning  This rule can't verify that `export *` only exports components  react-refresh/only-export-components
  5:1  warning  This rule can't verify that `export *` only exports components  react-refresh/only-export-components
  6:1  warning  This rule can't verify that `export *` only exports components  react-refresh/only-export-components
  7:1  warning  This rule can't verify that `export *` only exports components  react-refresh/only-export-components
  8:1  warning  This rule can't verify that `export *` only exports components  react-refresh/only-export-components
  9:1  warning  This rule can't verify that `export *` only exports components  react-refresh/only-export-components

/app/applet/apps/web/src/components/movies/shared.tsx
    1:8   error  'DriftWall' is defined but never used. Allowed unused vars must match /^_/u                           @typescript-eslint/no-unused-vars
    2:10  error  'interleaveCollectionItems' is defined but never used. Allowed unused vars must match /^_/u           @typescript-eslint/no-unused-vars
  406:3   error  'useCallback' is defined but never used. Allowed unused vars must match /^_/u                         @typescript-eslint/no-unused-vars
  407:3   error  'useEffect' is defined but never used. Allowed unused vars must match /^_/u                           @typescript-eslint/no-unused-vars
  408:3   error  'useId' is defined but never used. Allowed unused vars must match /^_/u                               @typescript-eslint/no-unused-vars
  409:3   error  'useImperativeHandle' is defined but never used. Allowed unused vars must match /^_/u                 @typescript-eslint/no-unused-vars
  410:3   error  'useMemo' is defined but never used. Allowed unused vars must match /^_/u                             @typescript-eslint/no-unused-vars
  411:3   error  'useRef' is defined but never used. Allowed unused vars must match /^_/u                              @typescript-eslint/no-unused-vars
  412:3   error  'useState' is defined but never used. Allowed unused vars must match /^_/u                            @typescript-eslint/no-unused-vars
  414:10  error  'createPortal' is defined but never used. Allowed unused vars must match /^_/u                        @typescript-eslint/no-unused-vars
  423:3   error  'useAutocompleteFocusBoundary' is defined but never used. Allowed unused vars must match /^_/u        @typescript-eslint/no-unused-vars
  424:3   error  'useWorkspaceAutocompleteDismiss' is defined but never used. Allowed unused vars must match /^_/u     @typescript-eslint/no-unused-vars
  425:3   error  'useWorkspaceAutocompleteNavigation' is defined but never used. Allowed unused vars must match /^_/u  @typescript-eslint/no-unused-vars
  426:3   error  'useWorkspaceSearchInputHandle' is defined but never used. Allowed unused vars must match /^_/u       @typescript-eslint/no-unused-vars
  429:3   error  'SyncBanner' is defined but never used. Allowed unused vars must match /^_/u                          @typescript-eslint/no-unused-vars
  432:3   error  'ConfirmDialog' is defined but never used. Allowed unused vars must match /^_/u                       @typescript-eslint/no-unused-vars
  433:3   error  'Modal' is defined but never used. Allowed unused vars must match /^_/u                               @typescript-eslint/no-unused-vars
  434:3   error  'Input' is defined but never used. Allowed unused vars must match /^_/u                               @typescript-eslint/no-unused-vars
  435:3   error  'Textarea' is defined but never used. Allowed unused vars must match /^_/u                            @typescript-eslint/no-unused-vars
  436:3   error  'SuggestionCardBase' is defined but never used. Allowed unused vars must match /^_/u                  @typescript-eslint/no-unused-vars
  437:3   error  'WorkspaceSearchShell' is defined but never used. Allowed unused vars must match /^_/u                @typescript-eslint/no-unused-vars
  438:3   error  'WorkspaceSearchActions' is defined but never used. Allowed unused vars must match /^_/u              @typescript-eslint/no-unused-vars
  439:3   error  'WorkspaceSearchField' is defined but never used. Allowed unused vars must match /^_/u                @typescript-eslint/no-unused-vars
  440:3   error  'WorkspaceAutocompleteCopy' is defined but never used. Allowed unused vars must match /^_/u           @typescript-eslint/no-unused-vars
  441:3   error  'WorkspaceAutocompleteLoading' is defined but never used. Allowed unused vars must match /^_/u        @typescript-eslint/no-unused-vars
  442:3   error  'WorkspaceAutocompleteOption' is defined but never used. Allowed unused vars must match /^_/u         @typescript-eslint/no-unused-vars
  443:3   error  'WorkspaceAutocompletePanel' is defined but never used. Allowed unused vars must match /^_/u          @typescript-eslint/no-unused-vars
  444:3   error  'WorkspaceAutocompletePoster' is defined but never used. Allowed unused vars must match /^_/u         @typescript-eslint/no-unused-vars
  445:3   error  'WorkspaceAutocompleteStatus' is defined but never used. Allowed unused vars must match /^_/u         @typescript-eslint/no-unused-vars
  446:3   error  'Button' is defined but never used. Allowed unused vars must match /^_/u                              @typescript-eslint/no-unused-vars
  447:3   error  'MediaPoster' is defined but never used. Allowed unused vars must match /^_/u                         @typescript-eslint/no-unused-vars
  448:3   error  'MediaCardPosterWrap' is defined but never used. Allowed unused vars must match /^_/u                 @typescript-eslint/no-unused-vars
  449:3   error  'MediaCardTitle' is defined but never used. Allowed unused vars must match /^_/u                      @typescript-eslint/no-unused-vars
  450:3   error  'MediaCardWatcherStack' is defined but never used. Allowed unused vars must match /^_/u               @typescript-eslint/no-unused-vars
  451:3   error  'DriftWallLoading' is defined but never used. Allowed unused vars must match /^_/u                    @typescript-eslint/no-unused-vars
  452:3   error  'CollectionEmptyState' is defined but never used. Allowed unused vars must match /^_/u                @typescript-eslint/no-unused-vars
  453:3   error  'MoviesEmptyIllustration' is defined but never used. Allowed unused vars must match /^_/u             @typescript-eslint/no-unused-vars
  454:3   error  'useModalBase' is defined but never used. Allowed unused vars must match /^_/u                        @typescript-eslint/no-unused-vars
  455:3   error  'CardTiltShell' is defined but never used. Allowed unused vars must match /^_/u                       @typescript-eslint/no-unused-vars
  456:3   error  'CardTiltSheen' is defined but never used. Allowed unused vars must match /^_/u                       @typescript-eslint/no-unused-vars
  457:3   error  'MagicToggle' is defined but never used. Allowed unused vars must match /^_/u                         @typescript-eslint/no-unused-vars
  459:3   error  'Card' is defined but never used. Allowed unused vars must match /^_/u                                @typescript-eslint/no-unused-vars
  460:8   error  'BentoStatTileConfig' is defined but never used. Allowed unused vars must match /^_/u                 @typescript-eslint/no-unused-vars
  462:8   error  'SortOrder' is defined but never used. Allowed unused vars must match /^_/u                           @typescript-eslint/no-unused-vars
  468:3   error  'PlusIcon' is defined but never used. Allowed unused vars must match /^_/u                            @typescript-eslint/no-unused-vars
  475:10  error  'useViewport' is defined but never used. Allowed unused vars must match /^_/u                         @typescript-eslint/no-unused-vars
  475:23  error  'useUser' is defined but never used. Allowed unused vars must match /^_/u                             @typescript-eslint/no-unused-vars
  475:32  error  'useBentoSlot' is defined but never used. Allowed unused vars must match /^_/u                        @typescript-eslint/no-unused-vars
  476:10  error  'useFeatureFonts' is defined but never used. Allowed unused vars must match /^_/u                     @typescript-eslint/no-unused-vars
  476:27  error  'mediaBreakpoints' is defined but never used. Allowed unused vars must match /^_/u                    @typescript-eslint/no-unused-vars
  476:45  error  'useMediaQuery' is defined but never used. Allowed unused vars must match /^_/u                       @typescript-eslint/no-unused-vars
  477:10  error  'colors' is defined but never used. Allowed unused vars must match /^_/u                              @typescript-eslint/no-unused-vars
  477:18  error  'radius' is defined but never used. Allowed unused vars must match /^_/u                              @typescript-eslint/no-unused-vars
  477:26  error  'spacing' is defined but never used. Allowed unused vars must match /^_/u                             @typescript-eslint/no-unused-vars
  477:35  error  'typography' is defined but never used. Allowed unused vars must match /^_/u                          @typescript-eslint/no-unused-vars
  480:3   error  'getWorkspaceCollectionState' is defined but never used. Allowed unused vars must match /^_/u         @typescript-eslint/no-unused-vars
  481:3   error  'MAX_MOVIE_TITLE_LENGTH' is defined but never used. Allowed unused vars must match /^_/u              @typescript-eslint/no-unused-vars
  482:3   error  'sanitizeInput' is defined but never used. Allowed unused vars must match /^_/u                       @typescript-eslint/no-unused-vars
  483:3   error  'getErrorMessage' is defined but never used. Allowed unused vars must match /^_/u                     @typescript-eslint/no-unused-vars
  484:3   error  'consoleError' is defined but never used. Allowed unused vars must match /^_/u                        @typescript-eslint/no-unused-vars
  487:3   error  'searchMovieAutocomplete' is defined but never used. Allowed unused vars must match /^_/u             @typescript-eslint/no-unused-vars
  488:3   error  'getCachedMovieAutocomplete' is defined but never used. Allowed unused vars must match /^_/u          @typescript-eslint/no-unused-vars
  490:3   error  'fetchOmdbMetadataCached' is defined but never used. Allowed unused vars must match /^_/u             @typescript-eslint/no-unused-vars
  495:3   error  'INITIAL_VISIBLE_COUNT' is defined but never used. Allowed unused vars must match /^_/u               @typescript-eslint/no-unused-vars
  497:10  error  'useMoviesWorkspace' is defined but never used. Allowed unused vars must match /^_/u                  @typescript-eslint/no-unused-vars

/app/applet/apps/web/src/components/ui/DriftWall.tsx
   61:7   error  'GLOBAL_DRIFT_START' is assigned a value but never used. Allowed unused vars must match /^_/u  @typescript-eslint/no-unused-vars
  169:32  error  Unexpected any. Specify a different type                                                       @typescript-eslint/no-explicit-any
  549:30  error  Unexpected any. Specify a different type                                                       @typescript-eslint/no-explicit-any

/app/applet/apps/web/src/components/ui/index.tsx
  33:3   error  'Movie' is defined but never used. Allowed unused vars must match /^_/u                        @typescript-eslint/no-unused-vars
  34:3   error  'MovieSuggestion' is defined but never used. Allowed unused vars must match /^_/u              @typescript-eslint/no-unused-vars
  35:3   error  'SharedMemory' is defined but never used. Allowed unused vars must match /^_/u                 @typescript-eslint/no-unused-vars
  63:3   error  'getWorkspaceCollectionState' is defined but never used. Allowed unused vars must match /^_/u  @typescript-eslint/no-unused-vars
  70:10  error  'MovieCard' is defined but never used. Allowed unused vars must match /^_/u                    @typescript-eslint/no-unused-vars
  70:21  error  'SuggestionCard' is defined but never used. Allowed unused vars must match /^_/u               @typescript-eslint/no-unused-vars
  77:15  error  'MovieSections' is defined but never used. Allowed unused vars must match /^_/u                @typescript-eslint/no-unused-vars

✖ 1069 problems (1060 errors, 9 warnings)

